block_index,DDQN,EDDQN,Earliest Start,Longest Processing,Resource Utilization,Response Time,Shortest Processing
1,PPT1003A,PPT0001A,PPT0804A,PPT1011A,PPT0803A,PPT0059A,PPT1010A
2,PPT1058A,PPT0857A,PPT1006A,PPT0003A,PPT1059A,PPT1051A,PPT0858A
4,PPT1004A,PPT0859A,PPT1056A,PPT1012A,PPT0058A,PPT0057A,PPT0807A
5,PPT0858A,PPT0004A,PPT0003A,PPT0004A,PPT0054A,PPT0857A,PPT0055A
6,PPT0858A,PPT1058A,PPT1005A,PPT0054A,PPT0857A,PPT1005A,PPT1006A
7,BQM4803A,BQM4503A,BQM4803A,BQM4503A,BQM4803A,BQM4803A,BQM4803A
8,PPT0057A,PPT1054A,PPT1004A,PPT1060A,PPT0056A,PPT1011A,PPT1060A
9,PPT1012A,PPT1008A,PPT0060A,PPT1003A,PPT1061A,PPT1010A,PPT1056A
10,PPT1054A,PPT1004A,PPT0002A,PPT1002A,PPT1060A,PPT1062A,PPT0056A
11,PPT1002A,PPT1053A,PPT0052A,PPT0052A,PPT1010A,PPT0811A,BQM4810A
12,PPT0059A,PPT0058A,BQM4504A,BQM4504A,PPT0057A,BQM4202A,PPT0810A
13,PPT1062A,PPT0801A,PPT0811A,PPT1007A,PPT1003A,PPT1013A,PPT1009A
14,BQM4853A,BQM4853A,BQM4853A,BQM4853A,BQM4853A,BQM4853A,BQM4853A
18,PPT0003A,PPT0004A,PPT0055A,PPT0857A,PPT0055A,PPT0055A,PPT0857A
19,PPT0053A,PPT0054A,PPT0857A,PPT0002A,PPT0003A,PPT0857A,PPT0858A
20,PPT1005A,PPT1051A,PPT1059A,PPT1052A,PPT1051A,PPT1005A,PPT0858A
21,PPT1059A,PPT1005A,PPT0858A,PPT1059A,PPT1005A,PPT1005A,PPT0054A
22,PPT0004A,PPT0858A,PPT1051A,PPT1058A,PPT0054A,PPT0054A,PPT1051A
23,PPT0054A,PPT1052A,PPT0858A,PPT1059A,PPT0003A,PPT0004A,PPT0054A
24,PPT1051A,PPT1052A,PPT0054A,PPT0055A,PPT1052A,PPT1006A,PPT1005A
25,PPT1051A,PPT0054A,PPT0004A,PPT0003A,PPT0054A,PPT1058A,PPT0003A
26,PPT0053A,PPT1059A,PPT1006A,PPT0003A,PPT1006A,PPT1006A,PPT0055A
27,PPT0857A,PPT0003A,PPT1058A,PPT1051A,PPT1005A,PPT1058A,PPT1006A
29,PPT1056A,PPT0861A,PPT0861A,PPT0861A,PPT1010A,PPT1061A,PPT0056A
30,PPT1058A,PPT1005A,PPT1059A,PPT0858A,PPT1051A,PPT1051A,PPT1059A
31,PPT0804A,PPT1052A,PPT1052A,PPT0004A,PPT0054A,PPT0002A,PPT1051A
32,PPT0803A,PPT1060A,PPT1009A,PPT1056A,BQM4202A,PPT0864A,PPT1055A
33,PPT1060A,PPT1007A,PPT0859A,PPT1009A,PPT0002A,PPT0052A,BQM4504A
34,BQM4803A,BQM4503A,BQM4503A,BQM4503A,BQM4503A,BQM4803A,BQM4803A
35,BQM4503A,BQM4503A,BQM4803A,BQM4803A,BQM4503A,BQM4503A,BQM4503A
36,BQM4803A,BQM4503A,BQM4503A,BQM4803A,BQM4503A,BQM4803A,BQM4503A
37,BQM4503A,BQM4503A,BQM4503A,BQM4503A,BQM4503A,BQM4503A,BQM4803A
38,PPT0056A,PPT0057A,PPT0809A,PPT0058A,PPT0863A,PPT1056A,PPT1013A
39,PPT0810A,PPT0002A,PPT1062A,PPT0864A,PPT1061A,PPT1007A,PPT1008A
40,PPT1061A,PPT0057A,PPT1057A,PPT0802A,PPT0056A,PPT0056A,PPT0056A
41,PPT1004A,PPT1002A,PPT0058A,PPT0059A,PPT1002A,PPT0859A,PPT1056A
42,PPT0809A,PPT1058A,PPT0857A,PPT0055A,PPT1006A,PPT1052A,PPT0003A
43,PPT0003A,PPT1005A,PPT0054A,PPT0055A,PPT0858A,PPT0004A,BQM4853A
44,PPT1055A,PPT1009A,PPT1055A,PPT0057A,PPT0001A,PPT1057A,PPT0060A
45,PPT1013A,PPT1009A,PPT0808A,PPT0051A,PPT0060A,PPT1061A,PPT1007A
46,BQM4803A,BQM4503A,BQM4803A,BQM4503A,BQM4803A,BQM4503A,BQM4503A
47,PPT1006A,PPT0004A,PPT0055A,PPT0857A,PPT1005A,PPT1006A,PPT0857A
48,PPT0864A,PPT1051A,PPT1052A,PPT1010A,PPT1052A,PPT1059A,PPT1059A
49,PPT0056A,PPT0001A,PPT0807A,PPT0810A,PPT1062A,PPT0060A,PPT0863A
50,BQM4504A,PPT0810A,PPT0001A,PPT1003A,PPT0861A,PPT1001A,PPT0863A
51,PPT1004A,PPT1060A,PPT1010A,PPT1062A,PPT1007A,PPT0811A,PPT0802A
52,PPT0859A,PPT1006A,PPT1058A,PPT1058A,PPT1006A,PPT0858A,PPT0004A
53,BQM4503A,BQM4803A,BQM4503A,BQM4503A,BQM4803A,BQM4803A,BQM4503A
54,BQM4853A,BQM4853A,BQM4853A,BQM4853A,BQM4853A,BQM4853A,BQM4853A
55,PPT0055A,PPT1004A,PPT1051A,PPT0857A,PPT0003A,PPT0003A,PPT0857A
56,PPT1058A,PPT1006A,PPT0004A,PPT0054A,PPT0054A,PPT0055A,PPT1058A
57,BQM4853A,BQM4853A,BQM4853A,BQM4853A,BQM4853A,BQM4853A,BQM4853A
58,PPT0004A,PPT1006A,PPT1052A,PPT0055A,PPT0858A,PPT0858A,PPT1052A
59,PPT0055A,PPT1005A,PPT1005A,PPT1006A,PPT1006A,PPT1006A,PPT1058A
60,PPT1052A,PPT1005A,PPT1059A,PPT1052A,PPT1058A,PPT1010A,PPT0857A
61,PPT0003A,PPT0054A,PPT0003A,PPT0003A,PPT1005A,PPT0055A,PPT1005A
62,PPT1005A,PPT1005A,PPT1006A,PPT0858A,PPT1059A,PPT1059A,PPT1058A
63,PPT0003A,PPT0858A,PPT0054A,PPT0001A,PPT0857A,PPT0858A,PPT0054A
64,PPT0004A,PPT0055A,PPT0004A,PPT0809A,PPT0055A,PPT0004A,PPT0003A
66,BQM4202A,PPT1001A,PPT0803A,PPT1011A,PPT1003A,PPT1062A,PPT1001A
67,PPT0858A,PPT1058A,PPT1051A,PPT0858A,PPT1058A,PPT0003A,PPT1052A
68,PPT1052A,PPT1051A,PPT1058A,PPT0004A,PPT1058A,PPT1058A,PPT0003A
69,PPT0809A,PPT1056A,PPT0057A,PPT1053A,PPT1053A,PPT1011A,PPT1002A
70,PPT1061A,BQM4202A,PPT0864A,PPT1054A,PPT1003A,PPT1002A,PPT1054A
71,PPT0802A,PPT1007A,PPT1013A,PPT1008A,PPT0001A,PPT1061A,PPT1001A
72,PPT0057A,PPT0861A,PPT0051A,PPT0807A,PPT0861A,PPT0058A,PPT0864A
73,PPT0060A,PPT0807A,PPT0053A,PPT1060A,PPT1053A,PPT1057A,PPT1060A
74,PPT1007A,PPT1053A,PPT0801A,PPT1061A,PPT0804A,PPT0801A,PPT0809A
75,PPT0864A,PPT1003A,PPT1054A,PPT1056A,PPT1013A,PPT0802A,PPT0808A
76,PPT0056A,PPT1002A,PPT1012A,PPT1010A,PPT0803A,PPT0810A,PPT0807A
77,PPT1057A,PPT0058A,PPT0810A,PPT0056A,PPT1011A,PPT0058A,PPT0058A
78,PPT0859A,PPT1055A,PPT0863A,PPT0803A,PPT1057A,PPT0002A,PPT1003A
79,PPT1010A,PPT1006A,PPT1006A,PPT1004A,PPT0055A,PPT1052A,PPT1006A
80,BQM4853A,BQM4853A,BQM4853A,BQM4853A,BQM4853A,BQM4853A,BQM4853A
81,PPT1060A,BQM4202A,PPT1060A,PPT1004A,BQM4202A,PPT1008A,PPT0808A
82,BQM4503A,BQM4503A,BQM4503A,BQM4503A,BQM4803A,BQM4503A,BQM4803A
83,BQM4503A,BQM4503A,BQM4803A,BQM4803A,BQM4803A,BQM4503A,BQM4503A
84,PPT1005A,PPT0857A,PPT1059A,PPT1005A,PPT0055A,PPT0857A,PPT1051A
85,PPT1006A,PPT0054A,PPT1005A,PPT1006A,PPT0004A,PPT0003A,PPT0858A
86,BQM4810A,BQM4810A,BQM4810A,BQM4810A,BQM4853A,BQM4853A,BQM4810A
87,BQM4853A,BQM4810A,BQM4810A,BQM4810A,BQM4810A,BQM4810A,BQM4810A
88,BQM4853A,PPT0858A,PPT0858A,PPT0804A,PPT0857A,PPT0004A,PPT0004A
89,BQM4810A,PPT0857A,PPT0055A,PPT0808A,PPT0004A,PPT0857A,PPT0055A
90,PPT1005A,PPT0003A,PPT1058A,PPT0055A,PPT1051A,PPT0804A,PPT1005A
91,PPT0001A,PPT0054A,PPT0003A,PPT1051A,PPT1005A,PPT0055A,PPT1058A
93,BQM4202A,PPT0804A,PPT1053A,PPT0058A,PPT1061A,BQM4202A,PPT1057A
94,PPT0857A,PPT0003A,PPT0857A,PPT1052A,PPT1005A,PPT1059A,PPT0003A
95,PPT1060A,PPT1058A,PPT0003A,PPT0004A,PPT0857A,PPT0003A,PPT1052A
96,PPT0002A,BQM4202A,PPT1001A,PPT0056A,BQM4504A,PPT1057A,PPT1011A
97,PPT1004A,PPT0052A,PPT0802A,PPT1003A,PPT1060A,PPT1062A,PPT0859A
98,PPT1009A,PPT0053A,PPT0059A,PPT1060A,PPT1062A,PPT0809A,PPT1009A
99,PPT1010A,PPT0058A,PPT0056A,PPT1057A,PPT0060A,PPT1012A,PPT1011A
100,PPT1061A,PPT0052A,PPT0809A,PPT1055A,PPT0057A,BQM4504A,PPT1012A
101,PPT1002A,PPT1001A,PPT1062A,PPT0809A,PPT1054A,PPT1004A,PPT0053A
102,PPT1010A,PPT1001A,PPT1010A,PPT0058A,PPT1057A,PPT0802A,PPT0053A
103,PPT0808A,PPT0863A,PPT1002A,PPT0002A,PPT0060A,PPT0863A,PPT0056A
104,PPT0060A,PPT0864A,BQM4504A,PPT0808A,PPT1060A,PPT0058A,PPT0057A
105,PPT0808A,PPT0807A,PPT1056A,PPT0859A,PPT1060A,PPT0051A,PPT0801A
106,PPT0858A,PPT0003A,PPT0004A,PPT0858A,PPT0004A,PPT0004A,PPT0004A
107,PPT1009A,PPT1053A,PPT1061A,PPT0861A,PPT1056A,PPT1007A,BQM4202A
108,PPT1012A,PPT1013A,PPT1007A,PPT0060A,PPT1013A,PPT1003A,PPT0863A
109,PPT0807A,PPT0807A,PPT1008A,PPT1002A,PPT1055A,PPT1007A,PPT0807A
110,PPT1008A,PPT0804A,PPT1003A,PPT1013A,PPT1062A,PPT0057A,PPT1002A
111,PPT0056A,PPT1062A,BQM4202A,PPT0051A,PPT1061A,PPT1061A,PPT1004A
112,PPT1007A,PPT1062A,PPT1011A,PPT1010A,PPT0060A,PPT0051A,PPT1004A
113,PPT1013A,PPT1011A,PPT1002A,PPT1001A,PPT1055A,PPT1056A,PPT0863A
114,PPT0808A,PPT1011A,PPT1004A,PPT1002A,PPT1003A,PPT1060A,PPT1008A
115,PPT0857A,PPT1005A,PPT0054A,PPT1052A,PPT0857A,PPT1003A,PPT1005A
116,PPT1009A,PPT1003A,PPT1009A,BQM4202A,PPT1003A,PPT1057A,PPT1008A
117,PPT0809A,PPT0803A,PPT0060A,PPT1013A,PPT0802A,PPT0864A,PPT1053A
118,BQM4503A,BQM4503A,BQM4503A,BQM4803A,BQM4803A,BQM4803A,BQM4503A
119,BQM4503A,BQM4803A,BQM4503A,BQM4803A,BQM4803A,BQM4503A,BQM4803A
120,PPT0807A,PPT0803A,PPT0803A,PPT1053A,PPT0056A,PPT0807A,PPT0861A
121,PPT0058A,PPT0059A,PPT1008A,PPT0811A,PPT0058A,PPT1055A,PPT0811A
122,PPT1008A,PPT0002A,PPT1012A,PPT1001A,PPT1053A,PPT0002A,PPT0060A
123,PPT0802A,PPT1008A,BQM4202A,PPT0803A,PPT1009A,PPT0809A,PPT0810A
124,PPT1006A,PPT0003A,PPT1051A,PPT0054A,PPT1052A,PPT0808A,PPT1006A
125,PPT0863A,PPT0809A,PPT0810A,PPT1007A,PPT1001A,PPT0861A,PPT0059A
126,PPT0057A,PPT0804A,PPT1003A,BQM4504A,PPT0056A,PPT0802A,PPT1054A
127,PPT1053A,PPT1007A,PPT0053A,PPT1001A,PPT0002A,PPT1009A,BQM4202A
128,PPT0801A,PPT1056A,PPT0801A,PPT1057A,PPT1053A,PPT0807A,PPT1007A
129,PPT0058A,PPT0811A,PPT0052A,PPT1054A,PPT1001A,PPT0861A,PPT0804A
130,PPT1013A,PPT1054A,PPT0804A,PPT0807A,PPT0059A,PPT0059A,PPT1007A
131,PPT1007A,PPT0060A,PPT0811A,PPT0864A,PPT0060A,PPT1053A,PPT1060A
132,PPT0057A,PPT1061A,PPT0051A,PPT0808A,PPT0811A,PPT0058A,PPT1056A
133,PPT0863A,PPT0054A,PPT0055A,PPT0863A,PPT0003A,PPT0055A,PPT0054A
134,PPT0863A,PPT0808A,PPT0002A,PPT0801A,PPT0057A,BQM4504A,PPT0802A
135,PPT1054A,PPT0810A,PPT1011A,PPT0859A,PPT0863A,PPT0863A,PPT1061A
136,BQM4504A,BQM4202A,PPT0861A,PPT0864A,PPT0859A,PPT1011A,PPT1062A
137,PPT1008A,PPT1012A,PPT0808A,PPT1061A,PPT1012A,PPT0001A,PPT1060A
138,PPT1008A,PPT1053A,PPT0863A,PPT0052A,PPT0802A,PPT0057A,PPT0811A
139,PPT0051A,PPT1010A,PPT1056A,PPT1056A,PPT1062A,PPT0002A,PPT1055A
140,BQM4503A,BQM4503A,BQM4503A,BQM4803A,BQM4503A,BQM4503A,BQM4803A
141,PPT1057A,PPT1054A,PPT0002A,PPT1007A,PPT1002A,PPT1057A,PPT1012A
142,PPT0004A,PPT1058A,PPT0858A,PPT0857A,PPT0858A,PPT1059A,PPT1010A
143,PPT0057A,PPT1010A,PPT0059A,PPT1012A,PPT1007A,PPT1054A,BQM4202A
144,PPT1055A,PPT0803A,PPT1001A,PPT1004A,PPT0859A,PPT1055A,PPT1007A
145,PPT1013A,PPT0051A,PPT1060A,BQM4202A,PPT0864A,PPT0864A,PPT0052A
146,PPT0059A,PPT0808A,BQM4504A,PPT0859A,PPT1007A,PPT1013A,PPT1060A
147,PPT1003A,PPT1001A,PPT0859A,PPT0863A,PPT0801A,PPT1001A,PPT0001A
148,PPT1011A,PPT0811A,PPT0864A,PPT0002A,PPT1010A,PPT1055A,PPT1002A
149,PPT0002A,PPT0053A,PPT1013A,PPT1062A,PPT1003A,PPT0056A,PPT1004A
150,PPT1062A,PPT1012A,PPT1062A,PPT0001A,PPT1061A,PPT1060A,PPT1001A
151,PPT1051A,PPT0857A,PPT1052A,PPT0857A,PPT1051A,PPT0055A,PPT1052A
152,PPT0002A,PPT1061A,PPT0801A,PPT0053A,PPT1007A,PPT1001A,PPT1054A
153,PPT0804A,PPT1054A,PPT0803A,PPT0801A,PPT0807A,PPT1056A,PPT1055A
154,PPT1002A,PPT0059A,PPT1057A,PPT0802A,PPT0811A,PPT1008A,PPT1001A
155,PPT1011A,PPT0060A,PPT1061A,PPT0804A,PPT0808A,PPT0808A,PPT1002A
156,PPT1055A,PPT1002A,PPT1055A,PPT0053A,BQM4504A,PPT0863A,PPT0803A
157,BQM4803A,BQM4803A,BQM4503A,BQM4803A,BQM4803A,BQM4803A,BQM4803A
158,PPT0864A,PPT1013A,PPT0058A,PPT1002A,PPT1057A,PPT1002A,PPT1057A
159,PPT1055A,PPT1054A,PPT1057A,PPT0811A,PPT0859A,PPT0058A,PPT1003A
160,BQM4853A,BQM4853A,BQM4853A,BQM4853A,BQM4853A,BQM4853A,BQM4853A
161,BQM4503A,BQM4803A,BQM4803A,BQM4503A,BQM4503A,BQM4803A,BQM4503A
162,PPT1008A,PPT1010A,PPT1012A,PPT1056A,PPT1002A,PPT1060A,PPT1060A
163,PPT0053A,PPT0811A,PPT1060A,PPT1062A,PPT1008A,BQM4504A,PPT0809A
164,BQM4803A,BQM4503A,BQM4503A,BQM4503A,BQM4503A,BQM4503A,BQM4803A
165,BQM4803A,BQM4803A,BQM4803A,BQM4803A,BQM4803A,BQM4803A,BQM4503A
166,PPT0001A,PPT1007A,PPT1007A,PPT0002A,PPT1002A,BQM4504A,PPT1008A
167,PPT0864A,PPT0002A,PPT1054A,PPT0804A,PPT0802A,PPT1007A,PPT0056A
168,PPT0810A,PPT0803A,PPT0057A,PPT0804A,PPT0804A,PPT0801A,PPT0804A
169,PPT1005A,PPT1051A,PPT1006A,PPT1006A,PPT1006A,PPT1003A,PPT0055A
170,PPT0802A,PPT1062A,PPT0808A,PPT1001A,PPT0802A,PPT0802A,PPT0052A
171,PPT0051A,PPT0056A,PPT0863A,PPT0057A,PPT0807A,PPT0056A,PPT0803A
172,PPT1060A,PPT0056A,PPT0057A,PPT1010A,PPT0053A,PPT0059A,PPT0803A
173,PPT1053A,PPT0051A,PPT0802A,PPT1056A,PPT1003A,PPT0859A,PPT0861A
174,PPT0803A,PPT0804A,PPT0001A,PPT0810A,PPT0803A,PPT0053A,PPT0059A
175,PPT0002A,PPT0058A,PPT0802A,PPT0001A,PPT0864A,PPT0809A,BQM4803A
176,PPT1056A,PPT1054A,PPT0861A,PPT0810A,PPT1013A,PPT0060A,PPT1004A
177,PPT0052A,PPT1011A,PPT1054A,PPT1012A,PPT1056A,PPT1056A,PPT0807A
178,PPT0857A,PPT1051A,PPT0857A,PPT1052A,PPT1006A,PPT0055A,PPT0003A
179,PPT1008A,PPT1055A,PPT1003A,PPT0863A,PPT1002A,PPT1054A,PPT0802A
180,BQM4803A,BQM4803A,BQM4803A,BQM4803A,BQM4803A,BQM4503A,BQM4803A
181,BQM4503A,BQM4503A,BQM4503A,BQM4803A,BQM4803A,BQM4503A,BQM4503A
182,PPT0859A,PPT1008A,PPT0056A,PPT0001A,PPT1001A,PPT0052A,PPT0807A
183,PPT1010A,PPT0863A,PPT1012A,PPT0807A,PPT1010A,BQM4504A,PPT0808A
184,PPT1012A,PPT1010A,PPT1062A,PPT0863A,PPT0802A,PPT1003A,PPT0811A
185,PPT0058A,PPT1061A,PPT1013A,PPT0864A,PPT1053A,PPT1001A,PPT0001A
186,BQM4202A,PPT0864A,PPT1009A,PPT1009A,PPT0053A,PPT0810A,PPT0002A
187,BQM4853A,PPT0857A,PPT1051A,PPT0054A,PPT1051A,PPT1005A,PPT1006A
188,BQM4803A,BQM4803A,BQM4803A,BQM4803A,BQM4503A,BQM4503A,BQM4803A
189,PPT0051A,PPT0053A,PPT0801A,BQM4202A,PPT0804A,PPT1012A,PPT1054A
190,PPT0863A,PPT1055A,PPT1009A,PPT0861A,PPT0804A,PPT0057A,PPT0801A
191,PPT1054A,PPT1004A,PPT1053A,PPT1013A,PPT0059A,PPT1054A,PPT1001A
192,PPT1008A,PPT0863A,PPT1010A,PPT0051A,PPT1002A,PPT0859A,PPT1002A
193,PPT1012A,BQM4202A,PPT1002A,PPT0060A,PPT1053A,PPT1053A,PPT0864A
194,PPT1055A,PPT1011A,PPT0807A,PPT1062A,PPT1054A,PPT1055A,PPT0804A
195,PPT0804A,PPT1009A,PPT0809A,PPT0811A,PPT1057A,PPT0057A,BQM4202A
196,BQM4853A,BQM4853A,BQM4853A,BQM4853A,BQM4853A,BQM4853A,BQM4853A
197,BQM4503A,BQM4503A,BQM4803A,BQM4503A,BQM4803A,BQM4803A,BQM4503A
198,BQM4503A,BQM4503A,BQM4803A,BQM4803A,BQM4503A,BQM4803A,BQM4803A
199,BQM4803A,BQM4803A,BQM4503A,BQM4503A,BQM4803A,BQM4503A,BQM4503A
200,BQM4503A,BQM4803A,BQM4503A,BQM4803A,BQM4803A,BQM4803A,BQM4503A
201,PPT1060A,PPT1003A,BQM4202A,PPT1062A,PPT1010A,PPT0808A,PPT1061A
202,PPT1001A,PPT0804A,PPT0002A,PPT0056A,PPT0807A,PPT0861A,PPT1062A
203,PPT1012A,PPT0051A,PPT0053A,PPT1055A,PPT0053A,PPT1009A,BQM4810A
204,PPT1010A,PPT1003A,PPT0810A,PPT0001A,PPT1013A,PPT1012A,BQM4503A
205,PPT0055A,PPT1052A,PPT0858A,PPT0054A,PPT1052A,PPT0004A,PPT1006A
206,PPT1062A,PPT1011A,PPT1009A,PPT1054A,BQM4202A,PPT0057A,PPT0864A
207,PPT1053A,PPT1061A,PPT1010A,PPT0059A,PPT1056A,PPT0053A,PPT0051A
208,PPT1001A,PPT1007A,PPT1002A,PPT0053A,PPT1010A,PPT0056A,PPT0052A
209,PPT0059A,PPT1053A,PPT1003A,PPT0801A,PPT0863A,PPT1008A,PPT0803A
210,PPT0802A,PPT1003A,PPT1055A,PPT0802A,PPT1011A,PPT1011A,PPT0861A
211,BQM4803A,PPT0801A,PPT0053A,PPT0807A,PPT0002A,PPT0803A,PPT0056A
212,PPT1004A,PPT0001A,PPT0810A,PPT0809A,PPT1060A,PPT1002A,PPT0057A
213,BQM4503A,BQM4503A,BQM4803A,BQM4803A,BQM4803A,BQM4503A,BQM4803A
214,BQM4853A,BQM4853A,BQM4853A,BQM4853A,BQM4853A,BQM4853A,BQM4853A
215,PPT1004A,PPT1003A,PPT0811A,PPT1010A,BQM4202A,PPT0056A,PPT1001A
216,PPT1055A,PPT1055A,PPT0058A,PPT1001A,PPT1007A,PPT1002A,PPT1002A
217,PPT0803A,PPT0001A,PPT0811A,PPT0863A,PPT0863A,PPT0801A,PPT0801A
218,PPT0808A,BQM4504A,PPT0058A,PPT0810A,PPT0053A,PPT0807A,BQM4504A
219,PPT1002A,PPT0808A,PPT1011A,PPT0802A,PPT0859A,PPT0803A,PPT0864A
220,PPT0058A,PPT0056A,PPT1007A,PPT0859A,PPT1012A,PPT0053A,PPT0057A
221,PPT0051A,PPT1055A,PPT0002A,PPT0052A,PPT1055A,PPT1007A,PPT0802A
222,PPT1010A,PPT0056A,PPT0804A,PPT1003A,PPT1012A,PPT1061A,PPT1008A
223,BQM4810A,PPT0055A,PPT1006A,PPT1052A,PPT0858A,PPT0858A,PPT0857A
224,PPT0807A,BQM4504A,PPT0864A,PPT1060A,PPT1060A,PPT0051A,PPT0056A
225,PPT0811A,BQM4202A,PPT0052A,PPT0053A,PPT1056A,PPT1007A,PPT1012A
226,PPT0002A,PPT0803A,PPT0804A,PPT0801A,PPT1061A,BQM4202A,PPT0053A
227,PPT1013A,PPT0804A,PPT0059A,PPT1009A,PPT0801A,PPT0810A,PPT0807A
228,BQM4202A,PPT1008A,PPT0060A,PPT0059A,PPT1009A,PPT1008A,PPT0808A
229,PPT1060A,PPT1010A,PPT1001A,PPT0809A,PPT1011A,PPT0002A,PPT0059A
230,BQM4810A,PPT0810A,PPT1053A,PPT0861A,PPT0059A,PPT0863A,PPT0859A
231,BQM4503A,BQM4803A,BQM4503A,BQM4803A,BQM4503A,BQM4503A,BQM4803A
232,BQM4853A,BQM4853A,BQM4853A,BQM4853A,BQM4853A,BQM4853A,BQM4853A
233,PPT0057A,PPT1001A,PPT0864A,PPT1061A,PPT1054A,PPT0801A,PPT0859A
234,PPT0802A,PPT0811A,PPT1001A,PPT0052A,PPT0859A,PPT0051A,PPT1009A
235,PPT0864A,PPT1004A,PPT1004A,PPT1003A,PPT0809A,PPT0002A,PPT1011A
236,PPT0810A,BQM4810A,PPT1053A,PPT1060A,PPT0053A,PPT0058A,PPT0058A
237,BQM4503A,BQM4503A,BQM4803A,BQM4803A,BQM4803A,BQM4503A,BQM4803A
238,BQM4503A,BQM4803A,BQM4803A,BQM4503A,BQM4803A,BQM4803A,BQM4503A
239,PPT0060A,PPT0802A,PPT1001A,PPT1004A,PPT0002A,PPT0060A,PPT1053A
240,PPT0810A,PPT1008A,PPT1004A,PPT1008A,PPT0051A,PPT0001A,PPT1057A
241,PPT1051A,PPT1059A,PPT1005A,PPT0858A,PPT1051A,PPT0857A,PPT1059A
242,PPT1001A,PPT0863A,PPT1008A,PPT1011A,PPT1054A,PPT0058A,PPT0051A
243,PPT1010A,PPT0808A,PPT1012A,PPT1013A,PPT0863A,PPT1012A,PPT0861A
244,PPT1056A,PPT0807A,PPT1060A,PPT1053A,BQM4202A,PPT1062A,PPT0863A
245,BQM4503A,PPT1011A,PPT0001A,PPT1055A,PPT1001A,PPT1001A,PPT0002A
246,PPT1001A,PPT1011A,PPT1054A,BQM4202A,PPT1012A,PPT0060A,PPT0859A
247,PPT0802A,BQM4810A,PPT0807A,PPT0051A,PPT1004A,PPT0001A,PPT1054A
248,PPT1002A,PPT0864A,PPT0802A,PPT0058A,PPT0057A,PPT0057A,PPT0802A
249,BQM4810A,BQM4810A,BQM4810A,BQM4810A,BQM4810A,BQM4810A,BQM4810A
250,PPT0002A,PPT0055A,PPT0003A,PPT0004A,PPT0055A,PPT0055A,PPT0055A
251,BQM4503A,BQM4503A,BQM4503A,BQM4803A,BQM4503A,BQM4503A,BQM4803A
252,BQM4503A,BQM4803A,BQM4803A,BQM4503A,BQM4503A,BQM4503A,BQM4503A
253,PPT1008A,PPT1055A,PPT0808A,PPT1060A,PPT1007A,PPT1007A,PPT0051A
254,PPT0808A,PPT1062A,PPT0056A,PPT0056A,PPT0803A,PPT0807A,PPT0052A
255,PPT0051A,PPT0053A,PPT1013A,PPT0052A,PPT1062A,PPT0001A,PPT0001A
256,PPT0802A,PPT1060A,PPT1055A,PPT1003A,PPT0058A,PPT0859A,PPT0002A
257,PPT1009A,PPT0859A,PPT1061A,PPT1056A,PPT1011A,PPT1054A,PPT1009A
258,PPT0809A,PPT1003A,PPT1011A,PPT1057A,PPT0060A,PPT0053A,PPT1011A
259,BQM4803A,BQM4853A,BQM4810A,BQM4810A,BQM4853A,BQM4810A,BQM4853A
260,PPT0802A,PPT0001A,PPT0051A,PPT0059A,PPT0804A,PPT0810A,PPT0058A
261,PPT1003A,PPT1053A,PPT0804A,PPT0058A,PPT0808A,PPT1004A,PPT1007A
262,PPT1002A,PPT0803A,PPT1057A,PPT0002A,PPT0056A,PPT0804A,PPT0059A
263,PPT1004A,PPT1062A,PPT0060A,PPT1007A,PPT0059A,PPT1013A,PPT0801A
264,BQM4202A,PPT1061A,PPT0052A,BQM4504A,BQM4202A,PPT1053A,BQM4202A
265,BQM4803A,BQM4803A,BQM4503A,BQM4503A,BQM4503A,BQM4803A,BQM4803A
266,PPT1010A,PPT0801A,BQM4504A,PPT1007A,PPT1009A,PPT1009A,PPT1061A
267,PPT1054A,PPT0802A,PPT0863A,PPT1053A,PPT0001A,PPT1003A,PPT0001A
268,PPT1059A,PPT1005A,PPT0857A,PPT1006A,PPT1006A,PPT1059A,PPT0004A
269,PPT0002A,PPT0058A,PPT0809A,PPT0804A,PPT0807A,BQM4202A,PPT0057A
270,PPT0058A,PPT0057A,PPT1056A,PPT1009A,PPT0864A,PPT1009A,BQM4504A
271,PPT0052A,PPT1007A,PPT1010A,PPT1010A,PPT0056A,PPT1062A,PPT1054A
272,PPT0001A,PPT0811A,PPT1002A,PPT1001A,PPT0056A,PPT1007A,PPT0053A
273,PPT0058A,PPT1001A,PPT1003A,PPT1056A,PPT0051A,PPT0051A,PPT0056A
274,PPT0002A,PPT1054A,PPT0051A,PPT1057A,PPT1012A,PPT1003A,PPT0057A
275,PPT0804A,PPT1054A,PPT0861A,PPT1011A,PPT1054A,PPT1003A,PPT0060A
276,PPT1053A,PPT0864A,PPT1008A,PPT1053A,PPT0808A,PPT0804A,BQM4504A
277,PPT0858A,PPT0858A,PPT0055A,PPT1006A,PPT0003A,PPT1006A,PPT0857A
278,PPT0802A,PPT1011A,PPT0057A,PPT1054A,PPT0863A,PPT1009A,PPT1053A
279,BQM4803A,BQM4503A,BQM4503A,BQM4503A,BQM4803A,BQM4803A,BQM4503A
280,BQM4503A,BQM4803A,BQM4803A,BQM4803A,BQM4503A,BQM4803A,BQM4803A
281,PPT0056A,PPT1004A,PPT1011A,PPT1001A,PPT1008A,PPT1012A,BQM4503A
282,PPT1054A,PPT1003A,PPT1012A,PPT1057A,PPT0056A,PPT1013A,PPT1061A
283,PPT1001A,PPT1062A,PPT1060A,PPT1007A,PPT1011A,PPT1056A,PPT1062A
284,PPT1004A,PPT1002A,PPT0060A,BQM4504A,PPT1060A,PPT1060A,BQM4810A
285,PPT0051A,PPT1061A,PPT1007A,BQM4504A,PPT0059A,PPT1007A,PPT1062A
286,PPT1005A,PPT0055A,PPT0054A,PPT1051A,PPT1051A,PPT1051A,PPT0054A
287,PPT0804A,PPT0811A,PPT0801A,PPT0803A,PPT0807A,PPT0802A,PPT0804A
288,BQM4503A,BQM4803A,BQM4503A,BQM4503A,BQM4503A,BQM4503A,BQM4503A
289,PPT0861A,PPT1001A,PPT1062A,PPT0864A,PPT1010A,PPT1010A,PPT0863A
290,PPT0051A,PPT0059A,PPT0864A,PPT0056A,PPT0056A,PPT0057A,PPT0051A
291,PPT0002A,PPT0810A,PPT0056A,PPT0803A,PPT0059A,PPT0060A,PPT0861A
292,BQM4503A,BQM4803A,BQM4803A,BQM4803A,BQM4503A,BQM4803A,BQM4803A
293,PPT1002A,PPT1060A,BQM4202A,BQM4202A,PPT1004A,PPT0057A,PPT0058A
294,PPT1002A,BQM4202A,PPT0059A,PPT0001A,PPT0060A,PPT1012A,BQM4504A
295,PPT1006A,PPT1051A,PPT1059A,PPT1005A,PPT1059A,PPT1054A,PPT0004A
296,PPT0807A,PPT0807A,PPT0803A,PPT0059A,PPT0861A,PPT0807A,PPT0863A
297,PPT1011A,PPT0807A,PPT0001A,PPT0859A,PPT1056A,BQM4504A,PPT1009A
298,PPT0002A,PPT1004A,PPT0053A,PPT1012A,PPT1013A,PPT0052A,PPT1011A
299,PPT1013A,PPT1061A,PPT0810A,PPT1004A,PPT1054A,PPT0058A,PPT0060A
300,PPT0808A,PPT0809A,BQM4202A,PPT1054A,PPT1062A,PPT1062A,PPT1053A
301,PPT0802A,PPT0809A,BQM4504A,PPT0056A,PPT1011A,PPT1004A,BQM4810A
302,PPT0057A,PPT0859A,PPT0859A,PPT1010A,PPT1054A,PPT1007A,PPT1056A
303,BQM4503A,BQM4503A,BQM4803A,BQM4803A,BQM4803A,BQM4803A,BQM4503A
304,BQM4853A,BQM4853A,BQM4853A,BQM4853A,BQM4853A,BQM4853A,BQM4853A
305,PPT1062A,PPT0810A,PPT0001A,PPT1003A,PPT0051A,PPT1001A,PPT1057A
306,PPT1008A,PPT0059A,PPT0810A,PPT1060A,PPT1054A,PPT1054A,PPT1060A
307,PPT0058A,PPT0052A,PPT0810A,PPT0861A,PPT1003A,PPT1001A,PPT0809A
308,PPT0058A,PPT0058A,PPT0859A,BQM4202A,PPT1053A,PPT0808A,PPT0810A
309,PPT1003A,PPT1061A,PPT0057A,PPT0803A,PPT1001A,PPT0052A,PPT0861A
310,PPT1011A,PPT1061A,PPT1008A,PPT0057A,PPT1004A,PPT1001A,PPT0803A
311,PPT0053A,PPT0861A,BQM4202A,PPT1008A,PPT0002A,PPT1055A,PPT0811A
312,PPT1012A,PPT1054A,PPT1002A,PPT1011A,PPT1062A,BQM4504A,PPT0859A
313,PPT1005A,PPT0003A,PPT1052A,PPT1059A,PPT1059A,PPT0003A,PPT1059A
314,PPT1001A,PPT0053A,PPT0002A,PPT0811A,PPT0001A,PPT0810A,PPT0804A
315,PPT1053A,PPT1010A,PPT0809A,PPT1055A,PPT0802A,PPT0808A,PPT0053A
316,PPT1003A,PPT1004A,PPT0807A,PPT1053A,PPT0864A,PPT1003A,PPT1054A
317,PPT1012A,PPT1008A,PPT0052A,PPT0058A,PPT1001A,PPT1013A,PPT1056A
318,PPT0864A,PPT1007A,PPT1009A,PPT0002A,PPT1061A,PPT1061A,PPT1060A
319,PPT1056A,PPT0060A,PPT0051A,PPT0808A,PPT1004A,PPT0809A,PPT0809A
320,PPT1003A,PPT1002A,PPT0058A,PPT0859A,PPT0810A,PPT1013A,PPT0810A
321,PPT0863A,PPT1062A,PPT1053A,PPT1011A,PPT0801A,PPT0057A,PPT0059A
322,PPT1052A,PPT0857A,PPT1058A,PPT0054A,PPT1052A,PPT1051A,PPT0055A
323,PPT0051A,PPT0051A,PPT1061A,PPT1055A,PPT1001A,PPT1009A,PPT0804A
324,BQM4803A,BQM4803A,BQM4503A,BQM4803A,BQM4503A,BQM4503A,BQM4803A
325,BQM4803A,BQM4503A,BQM4803A,BQM4503A,BQM4803A,BQM4503A,BQM4503A
326,PPT1053A,PPT1061A,BQM4202A,PPT1061A,PPT1054A,PPT0002A,PPT1055A
327,PPT1060A,PPT1013A,PPT1002A,PPT0052A,PPT0057A,PPT0861A,PPT1056A
328,PPT1010A,PPT0002A,PPT0811A,PPT1008A,PPT0053A,PPT0053A,PPT1007A
329,PPT1002A,PPT1013A,PPT1003A,BQM4202A,PPT0057A,PPT1004A,BQM4202A
330,PPT0811A,PPT0804A,PPT0056A,BQM4202A,PPT0060A,PPT1002A,PPT1053A
331,PPT0054A,PPT1006A,PPT0004A,PPT0055A,PPT1059A,PPT1006A,PPT1059A
332,BQM4803A,BQM4803A,BQM4803A,BQM4503A,BQM4503A,BQM4803A,BQM4503A
333,BQM4503A,PPT1057A,PPT1056A,PPT0001A,PPT0059A,PPT0058A,BQM4504A
334,PPT1007A,PPT0058A,PPT0861A,PPT1008A,PPT1061A,PPT0810A,PPT0051A
335,PPT1002A,PPT0052A,PPT0859A,PPT1004A,PPT0053A,PPT1003A,PPT1004A
336,PPT0807A,PPT1012A,PPT0059A,PPT0002A,PPT1011A,PPT0801A,PPT1010A
337,BQM4504A,PPT1010A,PPT1010A,PPT1012A,PPT0801A,PPT0051A,PPT1003A
338,PPT1011A,PPT0802A,PPT0053A,PPT0859A,PPT0060A,PPT1003A,PPT0058A
339,BQM4504A,PPT1003A,PPT1061A,PPT0809A,PPT1002A,PPT0051A,PPT0051A
340,PPT0858A,PPT0857A,PPT0004A,PPT0857A,PPT0003A,PPT1005A,PPT1058A
341,PPT0863A,PPT0810A,PPT0809A,PPT0861A,PPT0864A,PPT0804A,PPT0861A
342,PPT1013A,PPT0807A,PPT1008A,PPT0802A,BQM4202A,PPT0057A,PPT0052A
343,PPT0803A,PPT0001A,PPT0057A,PPT0804A,PPT0001A,PPT0811A,PPT0803A
344,PPT0864A,PPT1010A,PPT0861A,PPT0808A,PPT1004A,PPT0804A,PPT0001A
345,PPT1053A,PPT1012A,PPT0863A,PPT0810A,PPT1055A,PPT0056A,PPT0002A
346,BQM4503A,BQM4803A,BQM4503A,BQM4803A,BQM4503A,BQM4503A,BQM4803A
347,BQM4503A,BQM4803A,BQM4803A,BQM4503A,BQM4803A,BQM4803A,BQM4803A
348,PPT0059A,PPT1061A,PPT1004A,PPT1061A,PPT0057A,PPT1054A,PPT0060A
349,PPT1052A,PPT1005A,PPT0858A,PPT0004A,PPT1058A,PPT1051A,PPT1005A
350,PPT0052A,PPT0803A,PPT1009A,PPT0809A,PPT0002A,PPT1008A,PPT0808A
351,BQM4803A,BQM4803A,BQM4803A,BQM4503A,BQM4803A,BQM4803A,BQM4503A
352,PPT1007A,PPT0863A,PPT1057A,PPT1008A,PPT1010A,PPT1010A,PPT0060A
353,BQM4803A,BQM4803A,BQM4503A,BQM4803A,BQM4803A,BQM4503A,BQM4803A
354,PPT1055A,PPT0057A,PPT1002A,PPT0811A,PPT0863A,PPT0051A,PPT0060A
355,PPT0002A,PPT0810A,PPT0002A,BQM4504A,PPT0808A,PPT0051A,BQM4504A
356,PPT0056A,PPT0863A,PPT1054A,PPT1001A,PPT0001A,PPT0001A,PPT1056A
357,BQM4803A,BQM4803A,BQM4803A,BQM4803A,BQM4803A,BQM4803A,BQM4803A
358,PPT0054A,PPT0054A,PPT1058A,PPT1005A,PPT1058A,PPT1058A,PPT1005A
359,PPT1056A,PPT0809A,PPT0802A,PPT1002A,PPT0053A,PPT1057A,PPT0811A
360,BQM4503A,BQM4810A,BQM4810A,BQM4810A,BQM4810A,BQM4810A,BQM4810A
361,PPT0801A,PPT0059A,PPT0053A,PPT0801A,BQM4504A,PPT0808A,PPT0060A
362,PPT1004A,PPT1055A,PPT0807A,PPT1057A,PPT1053A,PPT0053A,PPT1013A
363,PPT1012A,PPT0809A,PPT1062A,PPT0808A,PPT0053A,PPT0801A,PPT1004A
364,BQM4810A,BQM4810A,BQM4810A,BQM4810A,BQM4810A,BQM4810A,BQM4810A
365,PPT0807A,PPT0808A,PPT0808A,PPT0802A,PPT0864A,PPT0801A,PPT0864A
366,PPT0810A,PPT1061A,PPT1055A,PPT1062A,PPT1055A,PPT0861A,PPT0052A
367,PPT0055A,PPT1059A,PPT0003A,PPT1058A,PPT0858A,BQM4202A,PPT0857A
368,BQM4504A,PPT0060A,PPT1013A,PPT1061A,PPT1056A,PPT0052A,PPT1062A
369,PPT0053A,PPT0053A,PPT0811A,PPT0051A,PPT1054A,PPT0052A,PPT0809A
370,PPT1061A,PPT1004A,PPT1010A,PPT0060A,PPT1004A,PPT1008A,PPT0810A
371,PPT0863A,BQM4202A,PPT0001A,PPT0001A,PPT0803A,PPT1007A,PPT0804A
372,PPT0863A,PPT0808A,BQM4202A,PPT1057A,PPT0864A,PPT0810A,PPT1055A
373,BQM4803A,PPT0060A,PPT0058A,PPT0811A,PPT0861A,PPT0861A,PPT1056A
374,PPT0801A,PPT0804A,PPT1011A,PPT0051A,PPT0864A,PPT1011A,PPT1061A
375,PPT1057A,PPT0808A,PPT1057A,PPT0060A,PPT1057A,PPT0807A,PPT1062A
376,PPT0857A,PPT1059A,PPT0055A,PPT1059A,PPT1005A,PPT0857A,PPT1059A
377,BQM4803A,BQM4503A,BQM4503A,BQM4803A,BQM4503A,BQM4503A,BQM4803A
378,PPT0052A,PPT1003A,PPT0051A,PPT0052A,PPT1003A,PPT0052A,PPT0052A
379,BQM4803A,BQM4803A,BQM4503A,BQM4503A,BQM4503A,BQM4803A,BQM4803A
380,PPT1009A,PPT0060A,PPT1003A,PPT0804A,PPT0861A,PPT1011A,PPT1001A
381,PPT1057A,PPT1057A,PPT1007A,PPT0808A,PPT0001A,PPT0058A,PPT1055A
382,BQM4202A,PPT1060A,PPT0801A,PPT0058A,PPT1060A,PPT1001A,PPT1001A
383,PPT0803A,PPT1056A,PPT0804A,PPT0804A,PPT0864A,PPT1013A,PPT1002A
384,PPT1061A,PPT1013A,PPT1055A,PPT0801A,PPT1001A,PPT1002A,PPT0053A
385,PPT1006A,PPT1060A,PPT1051A,PPT0055A,PPT0857A,PPT0857A,PPT0858A
386,BQM4503A,PPT0059A,PPT0861A,PPT0053A,PPT0059A,PPT0859A,PPT1012A
387,PPT0001A,PPT1054A,PPT0864A,PPT1002A,BQM4202A,PPT1008A,PPT1061A
388,PPT1053A,PPT0059A,PPT0060A,PPT0803A,PPT1009A,PPT1001A,PPT1003A
389,PPT1008A,PPT0863A,PPT0052A,PPT0811A,PPT0811A,PPT1053A,PPT0058A
390,BQM4202A,PPT0056A,PPT1060A,PPT0810A,PPT0056A,PPT1055A,PPT0056A
391,PPT0051A,PPT0863A,PPT1001A,PPT0002A,PPT0808A,PPT1055A,PPT1057A
392,PPT0804A,PPT0803A,PPT1012A,PPT0058A,PPT0058A,PPT0807A,PPT1053A
393,PPT0801A,PPT0802A,PPT0802A,PPT0809A,PPT0811A,PPT0864A,PPT0803A
394,BQM4853A,BQM4853A,BQM4853A,BQM4853A,BQM4853A,BQM4853A,BQM4853A
395,PPT1004A,PPT0859A,PPT1004A,PPT1001A,PPT1001A,PPT1010A,PPT1003A
396,PPT0056A,PPT1061A,PPT1053A,PPT0808A,PPT1057A,PPT0859A,PPT1060A
397,PPT0808A,PPT0809A,PPT0803A,PPT0810A,PPT0864A,PPT0804A,PPT0859A
398,BQM4503A,BQM4503A,BQM4803A,BQM4503A,BQM4503A,BQM4503A,BQM4803A
399,PPT1002A,PPT0861A,PPT0001A,PPT1009A,PPT0002A,PPT1010A,PPT0059A
400,PPT0859A,PPT0808A,PPT0808A,PPT0864A,PPT0801A,PPT0864A,PPT0859A
401,PPT1009A,PPT1057A,PPT1008A,PPT0811A,PPT1012A,PPT1002A,PPT1053A
402,PPT1003A,PPT0810A,PPT0809A,PPT1010A,PPT1057A,PPT0060A,PPT1012A
403,BQM4853A,BQM4853A,BQM4853A,BQM4853A,BQM4853A,BQM4803A,BQM4853A
404,BQM4503A,PPT0861A,PPT0863A,PPT1004A,BQM4504A,PPT0053A,PPT0807A
405,BQM4503A,PPT1009A,PPT0057A,PPT1012A,PPT0810A,PPT0057A,PPT0804A
406,BQM4803A,BQM4803A,BQM4803A,BQM4503A,BQM4503A,BQM4503A,BQM4503A
407,BQM4503A,BQM4803A,BQM4503A,BQM4503A,BQM4803A,BQM4503A,BQM4503A
408,BQM4803A,BQM4503A,BQM4803A,BQM4803A,BQM4503A,BQM4803A,BQM4803A
409,PPT0811A,PPT0060A,PPT0859A,PPT1013A,PPT1055A,PPT0059A,PPT1060A
410,PPT1012A,PPT0052A,BQM4504A,BQM4202A,PPT1007A,PPT1057A,PPT1056A
411,PPT0803A,PPT0001A,PPT1061A,PPT1004A,PPT0052A,PPT0864A,PPT0803A
412,PPT1057A,PPT0054A,PPT0857A,PPT1052A,PPT1052A,PPT1059A,PPT1058A
413,PPT0804A,PPT1013A,PPT0810A,PPT1062A,PPT0052A,PPT1004A,PPT1008A
414,BQM4503A,BQM4810A,BQM4810A,BQM4810A,BQM4810A,BQM4810A,BQM4810A
415,PPT0809A,PPT0801A,PPT0002A,PPT0057A,BQM4504A,PPT0804A,PPT0058A
416,PPT0803A,PPT1008A,PPT1002A,PPT1054A,PPT0809A,PPT0807A,PPT0861A
417,PPT1055A,PPT0811A,PPT1053A,PPT1012A,BQM4504A,PPT0002A,PPT0052A
418,PPT1062A,PPT1062A,PPT1004A,PPT1062A,PPT0810A,PPT0810A,PPT0859A
419,PPT0861A,PPT0002A,PPT1055A,PPT1056A,PPT1054A,PPT0804A,PPT1004A
420,PPT0809A,PPT0809A,PPT1053A,PPT1055A,PPT0810A,PPT0052A,PPT1002A
421,PPT1006A,PPT0857A,PPT1052A,PPT1006A,PPT1052A,PPT0004A,BQM4853A
422,PPT0861A,PPT1013A,PPT1056A,PPT1002A,PPT0803A,PPT0803A,PPT0811A
423,PPT1053A,PPT0807A,PPT1060A,PPT1008A,PPT0802A,PPT1053A,PPT0057A
424,PPT1061A,PPT0057A,PPT1002A,PPT0051A,PPT1055A,PPT1060A,PPT0051A
425,PPT1012A,PPT0053A,PPT1056A,PPT0810A,BQM4202A,PPT1053A,PPT0051A
426,PPT1004A,PPT0809A,PPT1004A,PPT0804A,PPT1053A,PPT1060A,PPT0002A
427,PPT0052A,PPT1012A,PPT0864A,BQM4504A,PPT1056A,PPT1009A,PPT0801A
428,BQM4202A,PPT0809A,PPT0801A,PPT0802A,PPT1012A,PPT1053A,PPT1002A
429,PPT0057A,PPT1012A,PPT0861A,PPT0804A,PPT0059A,BQM4202A,PPT1057A
430,PPT1006A,PPT1051A,PPT1006A,PPT1051A,PPT0055A,PPT0001A,PPT1052A
431,PPT1054A,PPT1054A,PPT0001A,PPT0801A,PPT1062A,PPT1060A,PPT1001A
432,PPT0803A,PPT1060A,PPT0053A,PPT0002A,PPT0810A,PPT0057A,PPT0002A
433,PPT1013A,PPT0802A,PPT1057A,PPT0001A,PPT1053A,PPT0059A,PPT0001A
434,BQM4810A,PPT0056A,PPT1010A,PPT0811A,PPT1012A,PPT0801A,PPT0059A
435,PPT1013A,PPT1062A,PPT1009A,PPT1056A,PPT0057A,PPT0859A,PPT1062A
436,BQM4803A,BQM4803A,BQM4503A,BQM4503A,BQM4803A,BQM4503A,BQM4503A
437,PPT1055A,PPT1002A,PPT1013A,PPT1055A,PPT1002A,PPT1054A,PPT0059A
438,BQM4803A,BQM4503A,BQM4803A,BQM4803A,BQM4803A,BQM4503A,BQM4803A
439,BQM4810A,BQM4810A,BQM4853A,BQM4810A,BQM4853A,BQM4853A,BQM4810A
440,BQM4810A,BQM4810A,BQM4810A,BQM4810A,BQM4810A,BQM4810A,BQM4810A
441,PPT0808A,PPT0059A,PPT0807A,PPT0811A,PPT0864A,PPT0002A,PPT0810A
442,PPT0801A,PPT0060A,PPT0811A,PPT0057A,PPT0057A,PPT0811A,PPT0811A
443,PPT0803A,PPT1008A,PPT0059A,PPT0057A,PPT0859A,PPT0803A,PPT1054A
444,PPT0859A,PPT1002A,PPT0803A,PPT1001A,PPT0807A,PPT0060A,PPT0859A
445,BQM4803A,BQM4503A,BQM4503A,BQM4803A,BQM4803A,BQM4503A,BQM4503A
446,BQM4810A,BQM4803A,BQM4810A,BQM4810A,BQM4810A,BQM4810A,BQM4810A
447,PPT1057A,PPT1055A,PPT1008A,PPT1010A,PPT0804A,PPT1057A,PPT1053A
448,PPT0858A,PPT0003A,PPT0003A,PPT0053A,PPT0055A,PPT0001A,PPT0004A
449,PPT1012A,PPT0060A,PPT1007A,PPT1007A,PPT0807A,PPT0807A,PPT0057A
450,BQM4503A,BQM4503A,BQM4803A,BQM4803A,BQM4803A,BQM4503A,BQM4803A
451,PPT1002A,PPT0053A,PPT0810A,PPT0052A,PPT0053A,PPT0002A,PPT1061A
452,PPT1057A,PPT1055A,PPT0808A,PPT1057A,PPT1061A,PPT0056A,PPT0864A
453,PPT0807A,PPT0802A,BQM4504A,PPT0807A,PPT0803A,PPT1057A,PPT0811A
454,BQM4810A,BQM4810A,BQM4810A,BQM4810A,BQM4810A,BQM4810A,BQM4810A
455,PPT0861A,PPT0808A,PPT0804A,PPT0803A,PPT0859A,PPT0861A,PPT0802A
456,PPT0861A,PPT1002A,PPT1055A,PPT1011A,PPT0002A,PPT1011A,BQM4810A
457,BQM4202A,PPT1059A,PPT1059A,PPT1059A,PPT1052A,PPT1052A,PPT1058A
458,PPT1012A,PPT0802A,PPT1011A,PPT0056A,PPT1009A,PPT0001A,PPT0051A
459,PPT1007A,PPT1013A,PPT0864A,PPT0807A,PPT1057A,PPT0863A,PPT1062A
460,PPT0801A,PPT0863A,PPT0811A,PPT1055A,PPT0801A,PPT0053A,PPT1061A
461,PPT1012A,PPT0811A,PPT0052A,PPT0060A,PPT1002A,PPT1002A,PPT1013A
462,PPT0060A,BQM4504A,PPT0803A,PPT0001A,PPT1061A,PPT0053A,PPT0810A
463,PPT1008A,PPT0801A,PPT1061A,PPT1056A,PPT1002A,PPT1013A,PPT1057A
464,PPT1012A,BQM4202A,PPT1062A,PPT0801A,PPT1061A,PPT0861A,PPT0051A
465,PPT0809A,PPT1011A,PPT1001A,PPT0053A,PPT0051A,PPT0864A,PPT1004A
466,PPT0055A,PPT1058A,PPT0054A,PPT1052A,PPT1059A,PPT1051A,PPT0055A
467,BQM4803A,BQM4803A,BQM4803A,BQM4803A,BQM4803A,BQM4803A,BQM4803A
468,PPT0059A,PPT0059A,PPT0059A,PPT0060A,PPT0052A,PPT0060A,PPT0801A
469,PPT1057A,PPT0057A,PPT0802A,PPT1053A,PPT1008A,PPT1060A,PPT1013A
470,PPT0002A,PPT1056A,PPT0051A,PPT1008A,PPT0802A,PPT0059A,PPT0058A
471,PPT1002A,PPT1008A,PPT1012A,PPT0811A,PPT0861A,PPT0804A,PPT1010A
472,PPT0801A,PPT1056A,PPT0859A,PPT1062A,PPT0002A,PPT0803A,BQM4504A
473,PPT0051A,PPT1057A,PPT0802A,PPT1009A,PPT1007A,PPT1009A,PPT0058A
474,PPT1061A,PPT0051A,PPT0058A,PPT0059A,PPT1013A,PPT0803A,PPT1003A
475,PPT1052A,PPT0858A,PPT1005A,PPT1006A,PPT1051A,PPT0004A,PPT1059A
476,PPT0864A,PPT0056A,PPT1011A,PPT1060A,PPT0052A,PPT1007A,PPT1003A
477,PPT1060A,PPT0060A,PPT0060A,PPT1062A,PPT1056A,PPT0056A,PPT1004A
478,PPT1001A,BQM4504A,PPT1060A,PPT0863A,PPT1013A,PPT1013A,PPT0001A
479,PPT0861A,PPT1061A,PPT0051A,PPT0864A,PPT1008A,PPT1008A,PPT0002A
480,BQM4810A,BQM4810A,BQM4810A,BQM4810A,BQM4810A,BQM4810A,BQM4810A
481,PPT0807A,PPT0861A,PPT0859A,PPT0802A,PPT0811A,PPT0811A,PPT0802A
482,BQM4504A,PPT0801A,PPT0807A,PPT0803A,PPT0060A,PPT0002A,PPT0057A
483,PPT1062A,PPT0002A,PPT0058A,PPT1060A,PPT0052A,PPT1053A,PPT0864A
484,PPT0055A,PPT0004A,PPT1058A,PPT1058A,PPT1058A,PPT1051A,PPT1052A
485,PPT1056A,PPT1060A,PPT0863A,PPT1003A,PPT1009A,PPT1009A,PPT0058A
486,PPT0804A,PPT0002A,PPT1003A,PPT1056A,PPT1057A,BQM4202A,PPT0051A
487,PPT0058A,PPT1053A,PPT0052A,PPT0807A,PPT1057A,PPT1060A,PPT1011A
488,BQM4810A,PPT0053A,PPT0060A,PPT1055A,PPT0052A,PPT0059A,PPT1009A
489,PPT1009A,PPT1062A,PPT1002A,PPT0001A,PPT0804A,PPT0052A,PPT0804A
490,PPT0859A,PPT1062A,BQM4202A,PPT1010A,PPT0002A,PPT1054A,PPT0002A
491,PPT0810A,PPT1012A,PPT0863A,PPT1053A,PPT1061A,PPT0060A,PPT1007A
492,PPT1004A,PPT1060A,PPT0057A,PPT1008A,PPT0810A,PPT0802A,BQM4202A
493,PPT1058A,PPT0858A,PPT0857A,PPT1051A,PPT1051A,PPT1057A,PPT1052A
494,PPT0058A,PPT0058A,PPT0863A,PPT0059A,PPT0058A,PPT0811A,PPT0864A
495,PPT0810A,PPT0058A,PPT1053A,PPT0056A,PPT0861A,PPT0804A,PPT0001A
496,PPT1053A,PPT0058A,PPT1007A,PPT0060A,PPT1012A,PPT1012A,PPT1057A
497,PPT0002A,PPT1003A,PPT0864A,PPT1062A,PPT1013A,PPT1062A,PPT1053A
498,PPT1054A,PPT1013A,PPT1054A,PPT1004A,PPT0801A,PPT1002A,PPT0803A
499,PPT0810A,PPT1055A,PPT0056A,PPT1054A,PPT0057A,BQM4202A,PPT0861A
500,PPT1012A,PPT1060A,PPT1001A,PPT0803A,PPT0058A,PPT1054A,PPT0859A
501,PPT1007A,PPT0002A,PPT0861A,PPT0056A,PPT1002A,PPT1012A,PPT0059A
502,PPT1051A,PPT1058A,PPT0004A,PPT0055A,PPT1006A,PPT1052A,PPT1005A
503,PPT1062A,PPT1057A,PPT1003A,PPT1061A,PPT0058A,PPT1012A,PPT0801A
504,PPT1057A,PPT1004A,PPT1001A,PPT1011A,PPT0803A,PPT0056A,PPT0058A
505,PPT0001A,PPT0804A,PPT1062A,PPT1013A,PPT0803A,PPT0803A,PPT1013A
506,PPT1011A,PPT1013A,PPT0002A,PPT0809A,PPT0809A,PPT0002A,PPT1008A
507,PPT0002A,PPT1056A,PPT0057A,PPT0861A,PPT0859A,PPT0810A,PPT0056A
508,PPT0001A,PPT0053A,PPT1054A,PPT0803A,PPT0059A,PPT1055A,BQM4803A
509,PPT0859A,PPT0859A,PPT0057A,PPT0002A,PPT1009A,PPT1002A,PPT1007A
510,PPT1004A,PPT1056A,PPT0801A,PPT0808A,PPT1008A,PPT0051A,PPT1009A
511,PPT0054A,PPT1006A,PPT0055A,PPT0055A,PPT0004A,PPT1052A,PPT1006A
512,PPT0053A,PPT1007A,PPT0056A,PPT1060A,PPT0803A,PPT1061A,PPT0810A
513,PPT1054A,BQM4202A,PPT1012A,PPT0052A,PPT1011A,PPT0060A,PPT1056A
514,PPT0801A,PPT0053A,PPT1054A,PPT1003A,BQM4202A,PPT1001A,PPT0809A
515,PPT1004A,PPT0001A,PPT1008A,PPT0057A,PPT1002A,PPT0859A,PPT0052A
516,PPT1061A,PPT0057A,PPT0060A,PPT1062A,PPT1054A,BQM4504A,PPT1011A
517,BQM4803A,BQM4803A,BQM4503A,BQM4803A,BQM4803A,BQM4803A,BQM4503A
518,PPT1003A,PPT1010A,PPT1009A,PPT0863A,PPT0052A,PPT0052A,PPT1011A
519,PPT0057A,PPT1055A,BQM4202A,PPT0002A,PPT0801A,PPT1012A,PPT0803A
520,PPT1005A,PPT1052A,PPT1051A,PPT1005A,PPT0004A,PPT0054A,PPT0055A
521,PPT0058A,PPT0060A,PPT1013A,PPT0859A,PPT0001A,PPT1007A,BQM4202A
522,PPT1054A,PPT0057A,PPT0001A,PPT1008A,PPT0809A,PPT0809A,PPT1011A
523,PPT1057A,PPT1009A,PPT1061A,PPT0811A,PPT1009A,PPT0864A,PPT1009A
524,PPT0803A,PPT0864A,PPT1011A,PPT0058A,PPT0052A,PPT1054A,PPT1004A
525,PPT0060A,BQM4504A,PPT0863A,BQM4504A,PPT1009A,PPT1053A,PPT1003A
526,PPT0001A,PPT1054A,PPT0002A,PPT1004A,PPT0861A,PPT0801A,PPT0057A
528,PPT0052A,PPT1056A,PPT0810A,PPT0863A,PPT0808A,PPT0859A,PPT0060A
529,BQM4853A,BQM4853A,BQM4853A,BQM4853A,BQM4853A,BQM4853A,BQM4853A
530,PPT1053A,PPT1003A,PPT0859A,PPT0057A,PPT0811A,PPT1055A,PPT0053A
531,PPT1009A,PPT1013A,BQM4504A,PPT1001A,PPT1009A,PPT1013A,PPT1012A
532,PPT0001A,PPT1053A,PPT1056A,PPT1062A,PPT1053A,PPT1003A,BQM4504A
533,PPT0059A,PPT0810A,PPT0861A,PPT0057A,PPT1007A,PPT1057A,PPT1010A
534,PPT0811A,PPT0859A,PPT1010A,PPT0052A,PPT1008A,PPT1055A,PPT1007A
535,PPT0052A,PPT0861A,PPT1009A,PPT0060A,PPT0810A,PPT1008A,BQM4202A
536,PPT1055A,PPT1002A,PPT1057A,PPT1002A,PPT1060A,PPT0001A,PPT1012A
537,PPT0051A,PPT0809A,PPT0053A,PPT1003A,PPT0802A,PPT1003A,PPT0053A
538,PPT0804A,PPT1058A,PPT1005A,PPT1051A,PPT0004A,PPT1059A,PPT0054A
539,BQM4503A,BQM4803A,BQM4503A,BQM4503A,BQM4803A,BQM4803A,BQM4803A
540,BQM4504A,PPT0809A,PPT0056A,PPT0002A,PPT0811A,PPT0859A,PPT1007A
541,PPT1055A,PPT1060A,PPT1010A,PPT0058A,PPT1007A,PPT1008A,PPT1004A
542,PPT0861A,PPT1001A,PPT1004A,PPT1056A,PPT1001A,PPT1003A,PPT1009A
543,PPT1061A,PPT1054A,PPT0811A,BQM4202A,PPT0801A,PPT0060A,BQM4202A
544,PPT1053A,BQM4202A,PPT0001A,PPT1009A,PPT0802A,PPT1013A,BQM4202A
545,PPT0803A,PPT0802A,PPT1009A,PPT1007A,PPT1013A,PPT1009A,PPT1002A
546,PPT1011A,PPT1012A,PPT1010A,PPT0802A,PPT0809A,PPT0859A,PPT0001A
547,PPT0858A,BQM4853A,PPT0858A,PPT0857A,PPT0857A,PPT0808A,BQM4853A
548,PPT1001A,PPT1057A,PPT1012A,PPT1004A,PPT1062A,PPT0809A,PPT1060A
549,PPT0803A,PPT1011A,PPT1054A,PPT1054A,PPT0052A,PPT1004A,PPT0809A
550,BQM4202A,PPT1060A,PPT0052A,PPT1004A,PPT0802A,BQM4202A,PPT1007A
551,PPT0051A,BQM4504A,PPT0001A,PPT1061A,PPT1008A,PPT0057A,PPT0001A
552,PPT1062A,PPT1004A,PPT0801A,PPT0052A,BQM4810A,PPT0001A,PPT0002A
553,PPT0808A,PPT0051A,PPT1008A,PPT0051A,PPT1008A,PPT1057A,PPT1057A
554,PPT0059A,PPT0001A,PPT1013A,PPT0060A,PPT1013A,PPT1008A,PPT1060A
555,PPT0807A,PPT1057A,PPT1056A,PPT1007A,PPT1001A,PPT1053A,PPT0058A
556,PPT1059A,PPT1052A,PPT1052A,PPT1051A,PPT1059A,BQM4202A,PPT1051A
557,PPT1011A,PPT0807A,PPT1053A,PPT0807A,PPT1055A,PPT0058A,PPT0801A
558,PPT1010A,PPT1057A,PPT0059A,PPT0809A,PPT0804A,PPT0801A,PPT1053A
559,PPT0058A,PPT0056A,PPT1057A,PPT0861A,PPT0051A,PPT0809A,PPT1057A
560,PPT0001A,PPT0864A,PPT0057A,PPT1011A,PPT1012A,PPT0051A,BQM4504A
561,BQM4803A,BQM4803A,BQM4503A,BQM4503A,BQM4503A,BQM4503A,BQM4803A
562,PPT0861A,PPT1007A,PPT0861A,PPT0810A,PPT1055A,PPT1054A,PPT0051A
563,PPT1060A,BQM4504A,PPT0060A,PPT1012A,PPT0809A,PPT0803A,PPT0052A
564,BQM4803A,BQM4503A,BQM4503A,BQM4503A,BQM4503A,BQM4803A,BQM4503A
565,BQM4853A,BQM4853A,BQM4853A,BQM4853A,BQM4853A,BQM4853A,BQM4853A
566,BQM4803A,BQM4503A,BQM4803A,BQM4803A,BQM4503A,BQM4503A,BQM4803A
567,PPT1062A,BQM4504A,PPT0808A,BQM4504A,PPT1060A,PPT1054A,PPT1054A
568,PPT0060A,PPT0864A,PPT0804A,PPT0052A,PPT0809A,PPT0002A,PPT0807A
569,PPT0802A,PPT0001A,PPT0809A,PPT0056A,PPT0807A,PPT0051A,PPT0808A
570,BQM4803A,PPT1010A,PPT0803A,PPT1013A,PPT0059A,PPT0056A,PPT1004A
571,PPT1061A,PPT1001A,PPT1011A,PPT0060A,PPT1009A,PPT1055A,PPT0863A
572,BQM4503A,BQM4503A,BQM4503A,BQM4803A,BQM4803A,BQM4803A,BQM4503A
573,PPT1057A,PPT0802A,PPT1007A,PPT1002A,PPT0807A,PPT0802A,PPT0059A
574,PPT0004A,PPT1052A,PPT1059A,PPT1005A,PPT1052A,PPT1052A,PPT1058A
575,PPT1009A,PPT0058A,BQM4202A,PPT1055A,PPT1055A,PPT0811A,PPT1010A
576,PPT1001A,PPT0056A,PPT1062A,PPT0861A,PPT0801A,PPT1062A,PPT1003A
577,BQM4202A,PPT0803A,PPT0809A,PPT0859A,PPT1007A,BQM4202A,PPT0803A
578,PPT1009A,BQM4202A,PPT0804A,PPT0810A,PPT1010A,PPT1062A,PPT0802A
579,PPT1011A,BQM4504A,PPT0807A,BQM4202A,PPT0058A,PPT1004A,PPT1001A
580,PPT1056A,PPT0057A,PPT0059A,PPT0051A,BQM4504A,PPT1012A,PPT1002A
581,PPT0058A,PPT1012A,PPT0058A,PPT1055A,PPT1056A,PPT0808A,PPT1054A
582,PPT0808A,PPT1011A,PPT1003A,PPT0861A,PPT0859A,BQM4202A,PPT1055A
583,PPT0055A,PPT0004A,PPT0054A,PPT0054A,PPT0054A,PPT0857A,PPT0055A
584,PPT1013A,PPT0058A,PPT0801A,PPT1061A,PPT0059A,PPT0056A,BQM4810A
585,BQM4803A,BQM4503A,BQM4503A,BQM4803A,BQM4503A,BQM4803A,BQM4803A
586,BQM4503A,BQM4803A,BQM4803A,BQM4503A,BQM4803A,BQM4503A,BQM4503A
587,PPT1062A,PPT1001A,PPT0863A,PPT1003A,PPT1013A,PPT0058A,PPT1002A
588,PPT1062A,PPT1001A,PPT0864A,PPT1060A,PPT0864A,PPT0001A,PPT0864A
589,BQM4504A,PPT0801A,PPT0859A,PPT1054A,PPT0809A,PPT0804A,PPT1001A
590,PPT1060A,PPT1010A,PPT1013A,PPT1061A,PPT0804A,BQM4810A,BQM4803A
591,PPT1060A,PPT1057A,PPT1003A,PPT0052A,PPT0810A,PPT1062A,PPT1001A
592,PPT1051A,PPT1006A,PPT0003A,PPT1005A,PPT0003A,PPT0001A,PPT0857A
593,BQM4810A,PPT0809A,PPT0056A,PPT0059A,PPT0803A,PPT0001A,PPT0864A
594,PPT0056A,PPT0803A,PPT0811A,PPT0053A,PPT0060A,PPT0809A,PPT0811A
595,PPT1001A,PPT1062A,PPT0808A,PPT0001A,PPT0056A,PPT0811A,PPT0001A
596,BQM4803A,PPT0859A,PPT0804A,PPT1053A,PPT1062A,PPT0807A,PPT1055A
597,BQM4503A,BQM4803A,BQM4803A,BQM4503A,BQM4803A,BQM4503A,BQM4503A
598,PPT0801A,PPT0056A,BQM4202A,PPT1057A,PPT0802A,BQM4202A,PPT1001A
599,PPT0863A,PPT0801A,PPT1008A,PPT1001A,PPT0052A,PPT0058A,PPT1055A
600,PPT0002A,PPT1004A,PPT0802A,PPT0002A,PPT0052A,PPT0809A,PPT0002A
601,BQM4853A,PPT0004A,PPT1006A,PPT1005A,PPT0858A,PPT1006A,PPT1059A
602,PPT0060A,PPT1001A,PPT1055A,PPT1010A,PPT1011A,PPT0060A,PPT1002A
603,PPT1054A,PPT1010A,PPT1061A,PPT1056A,PPT1011A,PPT1002A,PPT1004A
604,PPT1011A,PPT1004A,PPT1002A,PPT1062A,PPT1012A,PPT0808A,PPT0808A
605,PPT0059A,PPT1009A,PPT0803A,PPT0810A,PPT0060A,PPT1007A,PPT0056A
606,PPT1053A,PPT1056A,PPT1011A,PPT1012A,PPT0859A,PPT0859A,PPT1056A
607,PPT0001A,PPT1012A,PPT0808A,PPT0060A,PPT1004A,PPT1054A,PPT1053A
608,PPT0863A,PPT1053A,PPT1013A,PPT1002A,PPT1053A,PPT1009A,PPT1054A
609,PPT0803A,PPT0809A,PPT0060A,PPT0863A,PPT0052A,PPT0804A,PPT0053A
610,PPT0857A,PPT0858A,PPT0858A,PPT0857A,PPT0857A,PPT0857A,BQM4853A
611,PPT0859A,PPT0807A,PPT1056A,PPT0864A,PPT1001A,PPT1057A,PPT0056A
612,PPT0060A,PPT0051A,BQM4504A,PPT1009A,PPT1013A,PPT1061A,PPT0057A
613,PPT0810A,PPT0051A,PPT0864A,PPT1004A,PPT1011A,PPT1010A,PPT1010A
614,PPT1055A,PPT0804A,PPT1007A,PPT1054A,PPT0811A,PPT1010A,PPT1003A
615,PPT1007A,PPT0859A,PPT0053A,PPT1055A,PPT0810A,PPT1056A,PPT0002A
616,PPT0059A,PPT1057A,PPT1009A,PPT0059A,PPT1004A,PPT1010A,PPT0051A
617,PPT0809A,PPT0060A,PPT1010A,PPT0053A,PPT0811A,PPT1011A,PPT0052A
618,PPT1054A,PPT0052A,PPT0810A,PPT0863A,PPT1012A,PPT1012A,PPT1008A
619,PPT1052A,PPT1052A,PPT1051A,PPT1051A,PPT1058A,PPT1056A,PPT1051A
620,PPT1060A,PPT1012A,PPT0051A,PPT0801A,PPT1008A,PPT1008A,PPT0053A
621,BQM4803A,PPT1061A,PPT1053A,PPT0802A,PPT0804A,PPT0804A,PPT0056A
622,PPT0859A,PPT0053A,PPT0051A,BQM4202A,PPT0802A,PPT0807A,PPT0058A
623,PPT0861A,PPT0804A,PPT0802A,PPT0060A,BQM4504A,PPT0801A,PPT1013A
624,BQM4803A,BQM4503A,BQM4503A,BQM4503A,BQM4503A,BQM4503A,BQM4503A
625,BQM4803A,BQM4503A,BQM4803A,BQM4503A,BQM4503A,BQM4503A,BQM4803A
626,PPT1054A,PPT1003A,PPT1013A,PPT0808A,PPT0808A,PPT0801A,PPT0801A
627,PPT0058A,PPT1013A,PPT1008A,PPT0804A,PPT0060A,PPT1010A,PPT0057A
628,PPT1051A,PPT1051A,PPT1005A,PPT1006A,PPT0003A,PPT0858A,PPT1005A
629,PPT1003A,PPT1012A,PPT0056A,PPT0807A,PPT0864A,PPT0864A,PPT0811A
630,PPT0804A,PPT1009A,PPT0056A,PPT1013A,PPT0002A,PPT1060A,PPT0803A
631,PPT1007A,PPT1056A,PPT1056A,PPT0060A,PPT0809A,PPT0804A,PPT0861A
632,BQM4810A,PPT1053A,BQM4504A,PPT1002A,PPT1057A,PPT0809A,PPT0804A
633,BQM4810A,PPT0804A,PPT0002A,PPT0052A,PPT1011A,PPT1060A,PPT1007A
634,PPT0811A,PPT0810A,PPT0802A,BQM4504A,BQM4504A,BQM4504A,PPT0807A
635,PPT0051A,PPT0808A,PPT0052A,PPT0002A,PPT0051A,PPT0810A,PPT0808A
636,PPT0863A,PPT1007A,BQM4504A,PPT1012A,PPT1056A,PPT1007A,PPT1057A
637,BQM4853A,PPT0055A,PPT0055A,PPT0809A,PPT0055A,PPT0858A,PPT0055A
638,PPT0809A,PPT0053A,PPT0001A,PPT0810A,PPT0801A,PPT0051A,PPT0804A
639,PPT0060A,PPT1012A,PPT1012A,PPT1056A,PPT0810A,PPT1001A,PPT0803A
640,PPT1062A,PPT0801A,PPT1054A,PPT1062A,PPT1008A,PPT1056A,PPT0861A
641,BQM4202A,PPT0861A,PPT1004A,PPT0051A,PPT1008A,PPT1010A,PPT1003A
642,PPT0001A,PPT0801A,PPT1060A,PPT0807A,PPT1003A,BQM4202A,PPT1004A
643,PPT0052A,PPT0807A,PPT0807A,PPT0058A,PPT1055A,PPT0864A,PPT0804A
644,PPT0802A,BQM4202A,PPT1007A,PPT0056A,PPT0060A,PPT0002A,PPT1012A
645,PPT0861A,PPT1054A,PPT0801A,PPT1010A,PPT0058A,PPT0811A,PPT1053A
646,PPT0004A,PPT1059A,PPT0858A,PPT1059A,PPT1004A,PPT1004A,PPT0003A
647,PPT0057A,PPT0052A,PPT1001A,PPT1056A,PPT1001A,PPT1010A,PPT1057A
648,PPT1001A,PPT1013A,PPT0804A,PPT1013A,PPT1009A,PPT0057A,PPT1010A
649,PPT0056A,PPT0864A,PPT0809A,PPT0051A,PPT0864A,PPT0058A,PPT1003A
650,PPT0864A,PPT0059A,PPT1003A,PPT1053A,PPT0811A,PPT0059A,PPT0864A
651,PPT1062A,PPT1056A,PPT1011A,PPT1055A,PPT1013A,PPT1053A,PPT0057A
652,BQM4503A,PPT0057A,PPT1060A,PPT0051A,PPT0803A,PPT0057A,BQM4503A
653,PPT0804A,PPT0056A,PPT1062A,PPT1002A,PPT1055A,PPT0859A,PPT1061A
654,PPT0864A,PPT1010A,PPT0053A,PPT0801A,PPT1061A,PPT0052A,PPT0810A
655,PPT1006A,PPT1005A,PPT1058A,PPT1006A,PPT1005A,PPT0857A,PPT1052A
656,PPT0810A,PPT0804A,PPT0002A,PPT0811A,PPT0056A,PPT0002A,PPT0859A
657,PPT0863A,PPT0051A,PPT0001A,PPT0057A,PPT0808A,PPT0804A,PPT0863A
658,BQM4503A,BQM4803A,BQM4503A,BQM4503A,BQM4503A,BQM4503A,BQM4803A
659,BQM4503A,BQM4803A,BQM4503A,BQM4803A,BQM4803A,BQM4503A,BQM4503A
660,BQM4810A,BQM4810A,BQM4810A,BQM4810A,BQM4810A,BQM4810A,BQM4810A
661,PPT0804A,PPT0807A,PPT0807A,PPT0801A,PPT0808A,PPT0802A,PPT0809A
662,PPT1002A,PPT1012A,PPT1057A,PPT1013A,PPT0053A,PPT1054A,PPT0058A
663,PPT1053A,PPT0861A,PPT0057A,PPT0060A,PPT0807A,PPT1056A,PPT1062A
664,PPT1059A,PPT0055A,PPT0054A,PPT1051A,PPT0054A,PPT0054A,PPT1051A
665,PPT0053A,PPT0057A,PPT0808A,PPT1056A,PPT1054A,PPT0060A,PPT0801A
666,PPT0803A,PPT1053A,PPT1009A,PPT1002A,PPT1062A,PPT1062A,PPT0807A
667,PPT0863A,PPT0811A,PPT0811A,PPT0861A,PPT0863A,PPT0863A,PPT0808A
668,PPT1011A,PPT1054A,PPT0051A,PPT0809A,PPT0808A,PPT0811A,PPT1008A
669,PPT1010A,PPT0059A,PPT0053A,PPT0859A,PPT1055A,PPT1061A,PPT1062A
670,BQM4503A,PPT0811A,PPT0058A,PPT0864A,BQM4202A,BQM4202A,PPT1061A
671,PPT0864A,PPT1009A,PPT0801A,PPT1055A,PPT0807A,PPT0053A,PPT0864A
672,PPT1061A,PPT0859A,PPT1061A,PPT0809A,PPT1009A,PPT1010A,PPT0002A
673,PPT0857A,PPT0004A,PPT1058A,PPT1005A,PPT1058A,PPT0054A,PPT0858A
674,PPT0859A,PPT0863A,PPT0052A,PPT0861A,PPT0859A,PPT1055A,PPT0052A
675,PPT1053A,PPT0861A,PPT0804A,PPT1013A,PPT0051A,PPT1054A,PPT0803A
676,BQM4803A,BQM4503A,BQM4503A,BQM4803A,BQM4803A,BQM4803A,BQM4803A
677,BQM4803A,BQM4803A,BQM4803A,BQM4503A,BQM4803A,BQM4803A,BQM4803A
678,BQM4810A,PPT0804A,PPT0057A,PPT0051A,PPT0811A,PPT0810A,PPT0057A
679,BQM4803A,PPT0807A,PPT0058A,PPT0060A,PPT0804A,PPT0863A,PPT0058A
680,PPT0864A,PPT0802A,PPT0861A,PPT0052A,PPT0058A,PPT0058A,PPT0802A
681,PPT0808A,PPT1055A,PPT1062A,PPT1007A,PPT0801A,PPT0803A,PPT1011A
682,PPT1052A,PPT1059A,PPT1052A,PPT0004A,PPT0054A,PPT0003A,PPT1059A
683,PPT0059A,PPT0859A,PPT1008A,PPT0863A,PPT1062A,PPT1056A,PPT1013A
684,BQM4503A,BQM4503A,BQM4803A,BQM4503A,BQM4803A,BQM4503A,BQM4503A
685,BQM4202A,PPT1008A,PPT1055A,PPT0808A,PPT1008A,PPT0801A,PPT0802A
686,PPT0060A,PPT1013A,PPT1001A,PPT1053A,PPT1057A,PPT1055A,PPT0001A
687,PPT0801A,PPT0803A,PPT0002A,PPT0051A,PPT0804A,PPT0808A,PPT0809A
688,PPT0804A,PPT1060A,PPT0059A,PPT0864A,PPT1062A,PPT0059A,PPT0001A
689,PPT1009A,PPT1001A,PPT0810A,PPT1009A,PPT0802A,BQM4202A,PPT0002A
690,PPT1013A,PPT1013A,PPT0051A,PPT1062A,BQM4504A,PPT0859A,PPT1054A
691,PPT0003A,PPT1052A,PPT0004A,PPT0003A,PPT1052A,PPT1058A,PPT0003A
692,BQM4503A,BQM4803A,BQM4503A,BQM4503A,BQM4503A,BQM4803A,BQM4803A
693,PPT1008A,PPT1011A,PPT1056A,PPT1001A,PPT1062A,PPT0864A,PPT1012A
694,PPT0863A,PPT0051A,PPT1053A,PPT0057A,PPT1011A,PPT0811A,PPT0053A
695,PPT1057A,PPT1008A,PPT1009A,PPT0057A,PPT0001A,BQM4504A,PPT0058A
696,BQM4810A,PPT0052A,PPT1010A,PPT0803A,PPT0001A,BQM4504A,PPT0059A
697,PPT1013A,PPT0052A,PPT0052A,PPT1057A,BQM4504A,BQM4504A,PPT0052A
698,PPT0811A,PPT0809A,PPT1013A,PPT1007A,PPT1010A,PPT1003A,PPT0803A
699,BQM4803A,BQM4803A,BQM4803A,BQM4503A,BQM4503A,BQM4503A,BQM4803A
700,PPT1051A,PPT0857A,PPT0858A,PPT0858A,PPT0004A,PPT0054A,PPT1051A
701,PPT0001A,PPT1053A,PPT0863A,PPT1061A,PPT0807A,PPT0811A,PPT1007A
702,PPT1009A,PPT0861A,PPT1055A,PPT1055A,BQM4202A,BQM4504A,PPT1003A
703,PPT1057A,BQM4504A,PPT1054A,PPT1008A,PPT1007A,PPT0057A,PPT1010A
704,PPT1001A,PPT0057A,PPT1060A,PPT0864A,PPT0859A,PPT0060A,PPT1056A
705,PPT0809A,PPT0002A,PPT0001A,PPT0864A,PPT0810A,PPT0808A,PPT0052A
706,PPT0807A,PPT0051A,BQM4504A,PPT0810A,PPT0811A,PPT0804A,PPT0803A
707,PPT0859A,PPT0802A,PPT0803A,PPT0807A,PPT0804A,PPT0807A,PPT0861A
708,PPT0864A,PPT0803A,PPT0801A,PPT0809A,PPT0801A,PPT0801A,PPT0804A
709,BQM4202A,PPT1059A,PPT1006A,PPT0857A,PPT1006A,PPT0055A,BQM4810A
710,BQM4503A,BQM4503A,BQM4803A,BQM4503A,BQM4503A,BQM4503A,BQM4503A
711,BQM4503A,BQM4803A,BQM4803A,BQM4803A,BQM4503A,BQM4503A,BQM4803A
712,PPT0001A,PPT0056A,PPT1057A,PPT1060A,PPT1060A,PPT1002A,PPT0861A
713,PPT1011A,PPT0810A,PPT1013A,PPT1061A,PPT0807A,PPT1009A,PPT0804A
714,PPT0052A,BQM4202A,BQM4202A,PPT1053A,PPT0808A,PPT1008A,PPT0859A
715,BQM4504A,PPT1062A,PPT0809A,PPT0809A,PPT0060A,PPT1055A,PPT0059A
716,BQM4503A,BQM4503A,BQM4503A,BQM4803A,BQM4803A,BQM4503A,BQM4803A
717,PPT1002A,PPT1007A,PPT1002A,PPT0053A,PPT1056A,BQM4504A,PPT0809A
718,PPT0055A,PPT0055A,PPT0003A,PPT1005A,PPT1003A,PPT1003A,PPT0055A
719,PPT0001A,PPT0863A,PPT0052A,PPT0811A,PPT0059A,PPT0052A,PPT0056A
720,BQM4803A,BQM4503A,BQM4803A,BQM4503A,BQM4803A,BQM4803A,BQM4503A
721,PPT1013A,PPT0859A,PPT1008A,PPT1053A,PPT1056A,PPT1004A,BQM4504A
722,PPT0056A,PPT0059A,PPT0811A,PPT1008A,PPT1009A,PPT1003A,PPT1057A
723,PPT1061A,PPT0051A,PPT0060A,PPT1009A,PPT0864A,PPT1007A,BQM4810A
724,PPT0057A,PPT0056A,PPT0802A,PPT0059A,PPT0808A,PPT0053A,PPT1056A
725,PPT0057A,PPT0060A,PPT0809A,PPT0804A,PPT1010A,PPT1009A,PPT0810A
726,BQM4803A,BQM4503A,BQM4803A,BQM4803A,BQM4503A,BQM4803A,BQM4503A
727,BQM4853A,BQM4853A,BQM4853A,BQM4853A,BQM4853A,BQM4853A,BQM4853A
728,BQM4803A,BQM4803A,BQM4503A,BQM4503A,BQM4803A,BQM4803A,BQM4503A
729,PPT0803A,PPT0807A,PPT0810A,PPT0051A,PPT0053A,PPT0052A,PPT0052A
730,PPT0803A,PPT0803A,PPT0059A,PPT0861A,PPT0058A,PPT0802A,PPT0051A
731,PPT0051A,PPT0051A,BQM4202A,PPT1012A,BQM4202A,PPT1055A,BQM4202A
732,PPT0811A,PPT1007A,PPT1007A,PPT1056A,PPT1060A,PPT0863A,PPT1011A
733,PPT1012A,PPT1054A,PPT0864A,PPT1010A,BQM4202A,PPT0809A,PPT1009A
734,PPT0059A,PPT0051A,PPT1001A,PPT0804A,PPT1010A,PPT0053A,PPT0002A
735,PPT0810A,PPT1004A,PPT0861A,PPT0802A,PPT0052A,PPT1002A,PPT0001A
736,PPT1005A,PPT1051A,PPT0004A,PPT1058A,PPT0858A,PPT0858A,PPT1006A
737,PPT0060A,PPT1010A,PPT1011A,PPT0053A,PPT1053A,PPT1055A,PPT0810A
738,PPT0056A,PPT1007A,PPT0863A,PPT0801A,PPT1004A,PPT1002A,PPT0811A
739,PPT0059A,PPT1057A,PPT1003A,PPT0059A,PPT1056A,PPT0060A,PPT0809A
740,PPT1056A,PPT1011A,PPT0057A,PPT1009A,PPT1003A,PPT1056A,PPT1060A
741,PPT0059A,PPT0058A,PPT1004A,PPT1004A,PPT1001A,PPT1060A,PPT1012A
742,PPT0802A,PPT1057A,PPT1060A,PPT1008A,PPT0001A,PPT0807A,PPT0053A
743,PPT1011A,PPT0801A,PPT1012A,PPT0859A,PPT0808A,PPT1011A,PPT1061A
744,BQM4803A,PPT1056A,PPT1004A,PPT0863A,BQM4202A,PPT1004A,PPT1062A
745,PPT1052A,PPT1058A,PPT1051A,PPT1058A,PPT0004A,PPT0859A,PPT1006A
746,BQM4503A,BQM4503A,BQM4503A,BQM4803A,BQM4503A,BQM4803A,BQM4503A
747,PPT0861A,PPT0810A,PPT1012A,PPT0859A,PPT0803A,PPT0808A,PPT0002A
748,PPT1055A,PPT1007A,PPT1061A,PPT0863A,PPT1012A,PPT1009A,PPT0051A
749,PPT1056A,PPT0801A,PPT1010A,PPT1011A,PPT1007A,PPT0052A,PPT1056A
750,PPT0058A,PPT0802A,PPT0060A,PPT1053A,PPT1013A,PPT1012A,PPT0809A
751,PPT0811A,PPT0810A,PPT1002A,PPT1055A,PPT1001A,PPT1013A,PPT0810A
752,PPT0863A,PPT1010A,PPT1061A,PPT0807A,PPT0051A,PPT1007A,PPT0001A
753,PPT0053A,PPT0861A,PPT1062A,PPT1002A,PPT0859A,PPT1062A,PPT0811A
754,PPT0054A,PPT0003A,PPT0857A,PPT0054A,PPT0858A,PPT0054A,PPT0857A
755,PPT0052A,PPT0802A,PPT1053A,PPT1060A,PPT1007A,PPT0803A,PPT1055A
756,PPT1003A,PPT1060A,PPT1054A,PPT1061A,PPT0863A,PPT0053A,PPT1001A
757,PPT0811A,PPT0811A,PPT1001A,PPT1001A,PPT0861A,PPT0863A,BQM4504A
758,PPT1057A,PPT0053A,PPT1002A,PPT1002A,PPT1004A,PPT1060A,PPT1057A
759,PPT0052A,PPT0861A,PPT0802A,PPT1007A,PPT1062A,PPT0059A,PPT0864A
760,BQM4504A,PPT1008A,PPT0057A,PPT1009A,PPT1053A,PPT1003A,PPT0808A
761,BQM4803A,BQM4503A,BQM4503A,BQM4503A,BQM4503A,BQM4503A,BQM4503A
762,BQM4503A,BQM4803A,BQM4503A,BQM4503A,BQM4503A,BQM4503A,BQM4503A
763,PPT1059A,PPT1006A,PPT1059A,PPT1054A,PPT0055A,PPT1058A,PPT1006A
764,PPT1011A,PPT1011A,PPT1011A,PPT1008A,PPT1004A,PPT1062A,PPT0060A
765,PPT0801A,BQM4504A,PPT0811A,PPT1011A,PPT1003A,PPT1053A,PPT0059A
766,PPT0060A,PPT0863A,PPT1004A,PPT1003A,PPT1013A,PPT0811A,PPT1054A
767,PPT1004A,PPT1056A,PPT1060A,PPT0802A,PPT1010A,PPT0859A,PPT0811A
768,PPT1062A,PPT1007A,PPT0803A,PPT0808A,PPT1004A,PPT0803A,PPT0058A
769,PPT0052A,PPT0052A,PPT0807A,PPT0810A,PPT0808A,PPT0053A,BQM4504A
770,PPT0864A,PPT0861A,PPT0808A,PPT0001A,PPT0810A,PPT0859A,PPT0802A
771,PPT0058A,PPT1061A,PPT0052A,PPT1008A,PPT0001A,PPT1009A,PPT0053A
772,PPT1058A,PPT0858A,PPT1006A,PPT1058A,PPT0858A,PPT1058A,PPT1058A
773,PPT0052A,PPT0002A,PPT0861A,PPT0807A,PPT0051A,PPT0802A,PPT0811A
774,BQM4504A,PPT1002A,PPT0859A,PPT0864A,PPT0809A,PPT0861A,PPT0810A
775,PPT0861A,PPT0804A,PPT1002A,PPT0803A,PPT1009A,PPT1013A,PPT0808A
776,BQM4803A,PPT0864A,PPT1062A,PPT1008A,PPT1054A,PPT0051A,PPT0051A
777,PPT0057A,PPT0002A,BQM4504A,PPT0051A,BQM4504A,PPT0810A,PPT0002A
778,PPT0053A,PPT0808A,PPT1009A,PPT0807A,PPT1061A,PPT0861A,PPT1011A
779,PPT0861A,BQM4202A,PPT1008A,PPT0001A,PPT0863A,PPT0801A,BQM4202A
780,PPT1009A,PPT1008A,PPT1010A,BQM4504A,PPT0001A,PPT0861A,PPT0060A
781,PPT0003A,PPT1005A,PPT0055A,PPT0858A,PPT1052A,PPT1056A,PPT1052A
782,PPT1001A,PPT1054A,PPT0060A,PPT0859A,PPT0058A,PPT0001A,PPT1062A
783,PPT0053A,PPT0801A,PPT1002A,BQM4202A,PPT1057A,PPT1009A,PPT1053A
784,PPT1056A,PPT0002A,PPT0053A,PPT1011A,PPT1004A,PPT1008A,BQM4504A
785,PPT1001A,PPT0864A,BQM4202A,PPT0804A,PPT1003A,BQM4504A,PPT0060A
786,PPT1054A,PPT0864A,PPT1057A,PPT0808A,PPT1002A,PPT1055A,PPT0001A
787,BQM4503A,BQM4503A,BQM4803A,BQM4803A,BQM4503A,BQM4803A,BQM4803A
788,PPT1009A,PPT0001A,PPT1055A,PPT1009A,PPT1056A,PPT0051A,PPT0801A
789,PPT1007A,PPT1004A,PPT1007A,PPT0864A,PPT0802A,PPT0001A,PPT0057A
790,PPT1006A,PPT1006A,PPT1058A,PPT1061A,PPT0857A,BQM4202A,PPT0003A
791,PPT1012A,PPT0808A,PPT0810A,PPT1060A,PPT1062A,PPT1057A,PPT1013A
792,BQM4503A,BQM4803A,BQM4803A,BQM4503A,BQM4503A,BQM4803A,BQM4503A
793,PPT1060A,PPT1001A,PPT1012A,PPT0057A,PPT1057A,PPT1057A,PPT0809A
794,BQM4503A,BQM4803A,BQM4803A,BQM4503A,BQM4503A,BQM4803A,BQM4503A
795,PPT1055A,PPT1002A,PPT0859A,PPT1007A,PPT0804A,PPT1061A,PPT1053A
796,PPT0060A,PPT1009A,PPT0861A,BQM4504A,PPT0863A,PPT0051A,PPT1057A
797,PPT0056A,PPT0052A,PPT0002A,PPT0058A,PPT0809A,PPT0052A,PPT0053A
798,PPT0811A,PPT1009A,PPT0863A,PPT1055A,PPT1057A,PPT0052A,PPT0052A
799,BQM4853A,BQM4810A,BQM4810A,BQM4810A,BQM4810A,BQM4810A,BQM4853A
800,PPT0056A,PPT0052A,PPT0803A,PPT0056A,PPT0863A,PPT0802A,PPT0807A
801,PPT0859A,PPT0059A,PPT1003A,PPT0801A,PPT1008A,PPT0863A,PPT1013A
802,PPT0060A,PPT1010A,PPT1009A,PPT0056A,PPT0051A,PPT0811A,PPT1004A
803,PPT1056A,PPT0861A,PPT1008A,PPT0861A,PPT0057A,PPT1008A,PPT1002A
804,PPT0810A,PPT0808A,PPT1053A,PPT1004A,PPT0053A,PPT0802A,PPT1054A
805,PPT0059A,PPT1004A,PPT1054A,PPT1013A,PPT0058A,PPT0053A,PPT1007A
806,PPT1003A,PPT1009A,PPT1056A,PPT0802A,PPT1010A,PPT1012A,PPT1061A
807,PPT1010A,PPT1009A,PPT0051A,PPT0057A,PPT0802A,PPT1062A,PPT0001A
808,PPT1005A,PPT1051A,PPT0054A,PPT0003A,PPT1005A,PPT1051A,PPT0054A
809,PPT0052A,PPT1001A,PPT1007A,PPT0861A,PPT1008A,PPT0861A,PPT1003A
810,PPT1060A,PPT1003A,BQM4202A,PPT0859A,PPT0002A,PPT1004A,PPT0058A
811,BQM4803A,BQM4503A,BQM4803A,BQM4803A,BQM4803A,BQM4803A,BQM4503A
812,PPT0058A,PPT0859A,PPT0060A,PPT0059A,PPT0002A,PPT0002A,PPT0802A
813,PPT1002A,PPT0864A,PPT0058A,PPT0001A,PPT0001A,PPT1012A,PPT1053A
814,PPT0053A,PPT0057A,PPT0864A,PPT0058A,PPT0861A,PPT0861A,PPT0803A
815,PPT0059A,BQM4504A,PPT0051A,PPT1054A,PPT1012A,PPT1013A,PPT1009A
816,PPT0863A,PPT1002A,PPT1001A,PPT1062A,PPT0051A,PPT1012A,PPT0803A
817,PPT0004A,PPT0055A,PPT1052A,PPT0858A,PPT1005A,PPT0864A,PPT0004A
818,PPT0803A,PPT1008A,PPT0804A,PPT0059A,PPT0801A,PPT0861A,PPT1053A
819,BQM4503A,BQM4803A,BQM4503A,BQM4803A,BQM4503A,BQM4503A,BQM4803A
820,PPT0802A,PPT0811A,PPT0801A,PPT0811A,PPT0861A,PPT0809A,PPT0859A
821,BQM4810A,PPT0051A,PPT0001A,PPT0052A,PPT0051A,PPT0002A,PPT0863A
822,BQM4810A,BQM4810A,BQM4810A,BQM4810A,BQM4810A,BQM4810A,BQM4810A
823,PPT0809A,PPT0801A,PPT0801A,PPT0803A,PPT0809A,PPT0803A,PPT0801A
824,PPT0811A,PPT0060A,PPT1010A,BQM4202A,PPT1002A,PPT0859A,BQM4803A
825,PPT1053A,PPT1009A,BQM4202A,PPT1013A,PPT1055A,PPT1055A,BQM4803A
826,PPT1006A,PPT1059A,PPT0003A,PPT1059A,PPT0054A,PPT1005A,PPT0858A
827,PPT0053A,PPT0859A,PPT0059A,BQM4504A,PPT0864A,PPT1061A,PPT0861A
828,PPT0861A,PPT1057A,PPT1013A,PPT0808A,PPT0057A,PPT0803A,PPT1012A
829,PPT1060A,PPT0802A,PPT0059A,PPT0859A,PPT1061A,PPT0859A,PPT0053A
830,PPT1001A,PPT1062A,PPT1056A,PPT0059A,PPT0809A,PPT0059A,BQM4202A
831,PPT1004A,PPT0058A,PPT1057A,PPT0060A,PPT0861A,PPT0808A,PPT1009A
832,BQM4503A,BQM4803A,BQM4803A,BQM4803A,BQM4503A,BQM4503A,BQM4803A
833,PPT0807A,PPT1060A,PPT0864A,PPT1008A,PPT1001A,PPT0056A,PPT1055A
834,PPT0864A,PPT0803A,PPT1012A,PPT0002A,PPT1010A,PPT0808A,PPT1003A
835,BQM4853A,BQM4853A,BQM4853A,BQM4853A,BQM4853A,BQM4853A,BQM4803A
836,PPT0863A,BQM4504A,BQM4810A,PPT1009A,PPT0803A,PPT1004A,PPT1010A
837,PPT1056A,BQM4504A,PPT0056A,PPT0002A,PPT0859A,PPT1012A,PPT1054A
838,PPT1007A,PPT0864A,PPT1011A,PPT0051A,PPT1007A,PPT1010A,BQM4803A
839,PPT0051A,PPT0001A,PPT1003A,PPT0060A,PPT0804A,PPT1003A,PPT0058A
840,BQM4503A,BQM4503A,BQM4803A,BQM4803A,BQM4503A,BQM4503A,BQM4803A
841,PPT0802A,PPT1004A,PPT1061A,PPT0053A,BQM4202A,BQM4810A,PPT1003A
842,PPT1055A,PPT1008A,PPT0056A,PPT0863A,PPT1013A,PPT0810A,PPT0864A
843,BQM4803A,BQM4503A,BQM4503A,BQM4503A,BQM4503A,BQM4803A,BQM4803A
844,PPT1058A,PPT0004A,PPT1051A,PPT1051A,PPT1059A,PPT1006A,PPT0055A
845,PPT1008A,PPT1009A,PPT0056A,PPT1007A,PPT0052A,PPT1057A,PPT0002A
846,PPT0804A,PPT1055A,PPT0809A,BQM4504A,PPT0861A,PPT1061A,PPT0052A
847,PPT0804A,PPT0001A,PPT0058A,PPT0056A,PPT0056A,BQM4504A,PPT0807A
848,PPT1057A,PPT1056A,PPT1061A,PPT1054A,PPT1061A,PPT0810A,PPT0801A
849,PPT1007A,PPT1012A,PPT0809A,PPT0057A,PPT0057A,PPT0864A,PPT0057A
850,PPT0861A,PPT1010A,PPT0810A,PPT1057A,PPT0863A,PPT0801A,PPT0801A
851,BQM4803A,BQM4503A,BQM4503A,BQM4803A,BQM4803A,BQM4803A,BQM4803A
852,PPT0804A,PPT0809A,PPT0863A,PPT0058A,PPT0059A,PPT0803A,BQM4504A
853,PPT0861A,PPT0055A,PPT1005A,PPT0004A,PPT1052A,PPT0804A,PPT1010A
854,PPT0810A,PPT1002A,PPT1001A,PPT0864A,PPT1013A,PPT0808A,PPT1062A
855,PPT0861A,PPT0057A,PPT1007A,PPT0863A,PPT0808A,PPT0001A,PPT1061A
856,PPT0808A,PPT0058A,PPT1011A,PPT0056A,PPT1004A,BQM4504A,PPT1060A
857,PPT0807A,PPT0056A,BQM4504A,PPT0056A,PPT0060A,PPT0060A,PPT0059A
858,PPT0811A,BQM4202A,PPT0804A,PPT0801A,BQM4504A,PPT1001A,PPT0810A
859,BQM4810A,PPT0059A,PPT0803A,PPT0053A,PPT1057A,PPT0809A,PPT0809A
860,PPT1013A,PPT1008A,PPT0053A,PPT1057A,PPT0002A,PPT1008A,PPT0002A
861,PPT1057A,PPT1062A,PPT1060A,PPT0803A,BQM4202A,PPT1011A,PPT0001A
862,BQM4853A,BQM4853A,BQM4853A,BQM4853A,BQM4853A,BQM4853A,BQM4853A
863,BQM4803A,PPT0052A,PPT0052A,PPT0861A,BQM4202A,PPT0809A,BQM4803A
864,BQM4202A,PPT1053A,PPT1062A,PPT1001A,PPT1003A,PPT1003A,PPT0002A
865,PPT0057A,PPT1057A,PPT0001A,PPT0057A,PPT1054A,PPT1011A,PPT0051A
866,PPT1056A,PPT0863A,PPT0051A,PPT0809A,PPT0859A,PPT1056A,BQM4803A
867,PPT1003A,PPT1053A,PPT0060A,PPT1013A,PPT1053A,PPT0001A,PPT1009A
869,PPT1060A,PPT0059A,PPT1055A,BQM4202A,PPT0810A,PPT0810A,PPT0809A
870,PPT1054A,PPT0807A,PPT1004A,PPT0060A,PPT0060A,PPT1053A,PPT1011A
871,BQM4803A,BQM4853A,BQM4853A,BQM4853A,BQM4803A,BQM4803A,BQM4853A
872,PPT0052A,PPT1012A,PPT0058A,PPT0811A,PPT1053A,BQM4202A,PPT0809A
873,PPT0801A,PPT1009A,PPT0864A,PPT0803A,PPT1007A,PPT1001A,PPT1056A
874,BQM4503A,BQM4503A,BQM4503A,BQM4503A,BQM4503A,BQM4803A,BQM4503A
875,BQM4803A,PPT0001A,PPT1013A,PPT1001A,PPT0811A,PPT1010A,PPT0810A
876,PPT1054A,PPT1056A,PPT0059A,PPT1057A,PPT1011A,PPT0810A,PPT0001A
877,PPT0056A,PPT1055A,PPT0808A,PPT0001A,PPT0052A,PPT1057A,PPT1012A
878,PPT0810A,PPT1009A,PPT0807A,PPT1054A,PPT1053A,BQM4202A,PPT0808A
879,PPT1007A,BQM4202A,PPT0053A,PPT1002A,PPT0859A,PPT0859A,PPT0059A
880,PPT1054A,PPT0054A,PPT1003A,PPT1006A,PPT1058A,PPT1052A,PPT1052A
881,PPT1009A,PPT0052A,PPT1010A,PPT0803A,PPT1009A,PPT1056A,PPT0863A
